MAN.1CP9fLyu1hJXHFvxeUbK8DGYTHEy,1.606183544965450754
MAN.1DguJs6ok2BN5WAHVa3NKjGAyhHU,1.613892455090272186
MAN.1EPuc1kSB85qrFk6pYbi877joVic,1.609074386262259381
MAN.1W41apfnsqcY7bGd5fxWeS4ERD8z,1.613250045913204383
MAN.1ZvKezKRCBeTdsdxwUuRgKh8H8BM,1.606183544965450753
MAN.1adEAxQg3dkmMsHJZcKWbvXS9A3,1.606504749553985454
MAN.1eTgDDNwzVaEWN5zGbzdjKdKCM2H,1.614053057384539858
MAN.1jvhoEoVEYrauxM7AG6tFBcP1SSm,1.607628965613855796
MAN.1kAVEtsMnHbNqBkn1f82rawEVR1N,1.607468363319588771
MAN.218b1MzHNP5Dyews78mAzr6C9zjAw,1.606504749553985454
MAN.21BTHiQWdB89mMme7Y5Z8Jf32AWpt,1.611162216087731396
MAN.21LDRQtTVBdv3EcktxrVQebpQmLEA,1.610680409204930638
MAN.21Nu1Paf5RjcSb2szbVovYy192poP,1.606183544965450753
MAN.21ZLZJo8RV19r3XH4N1EEmbedNBdj,16.851677532860217235
MAN.21rwDASTawzMSdeAZvWwj6oZUAT3g,1.613250045913204383
MAN.21wkG7BzBYiuDuH8URR1bqSBz2ojd,1.610359204616395128
MAN.21yM6jy4yLnRHwP2QwGDA5EPjoibg,1.606183544965450753
MAN.2262j8jVuZ5GLg8YhKV2TXnwcnoNN,29.530746858366427399
MAN.22S6eRsGfmw17iaxiZXkGAN9tgbEH,1.607789567908121387
MAN.22w999veNYYRZByDUHTx6fRYx2CBZ,1.611644022970533142
MAN.23529t8V5Q5ivKjQCWikLLYxkWDCs,1.610680409204930638
MAN.236xDid4eRewAiyPJZzqezzk3Hu46,165.852704471299224237
MAN.23983gYFh8YH1ovpzKa3wpcNaRVn7,1203.578968400280876549
MAN.23BkvxgdPt1nua2q7GWx3HEU8hqVr,1.613892455090272186
MAN.23SsxCjMoAHzSVd4BXJ9QxZgfF6n,1.606022942671184882
MAN.23ma2YDx3jKNReEgGSREpKjab75qL,1.606825954142520337
MAN.23p7kd2rVsrAVc79sv3oMJ99Q29pC,1.613571250501739266
MAN.24AztB99agZ1Vj2HoCsbinRuy2Ypb,1.609395590850794082
MAN.24NL7NjtWoczTt3YKR73heJqQvhU4,1.606022942671184882
MAN.2523m8TY47sL346vpi6XBw5eR1ud3,1.611322818381998441
MAN.253ZT6RZWK28o78gqAn2HkS73mcdN,1.613892455090272186
MAN.25iyv6NxjE6B6b6G2cjeLmyjUvcta,1.606183544965450753
MAN.25j3Bdti4vFk8QKwJE4wtkEhVe3nH,1.613089443618936727
MAN.262a3dHFdjUYdPPiLfm78qfAXujAN,1.613410648207472237
MAN.26KQRwtXVtNMFjW4dNPiiagzQE2jQ,1.606022942671184882
MAN.26LJ78Zt5NHHneAnpjsVoTVZZNAnF,1.606022942671184883
MAN.26Uss61Cmdj2fDP2aA4s8iiawTi14,1.69676323893210498
MAN.26af6f7oP5aRyYwhPg97V8X3hSoB,1.613731852796005157
MAN.26kchXhXypteNzkHXprYrQLEaWyzL,1.611483420676266097
MAN.26niWyScrAsB4Qv8aRDhFch1Efq1N,1.615498478032943443
MAN.26pT6eoUvwmVG96NGcqMs8d7CzVve,1.609074386262259381
MAN.26q6aY6SuDwEMaKYDcxZsjbdPEVUx,1.609074386262259381
MAN.272iccoEkAUavhzcuJYJ1CmR3NXiQ,1.60987739773359486
MAN.27EPuKG3ZomBr6TCxRnT1MKzCS3Mv,1.611322818381998441
MAN.27ErRA2BJkwE7K2V23L3QZf7sTeQC,1.613731852796005157
MAN.28PPwQuaL5PSk8CxuNveHY5UYSfXR,2.457215102286912685
MAN.28tJ3LkRRfgRARAFV3nxPr8M1nh34,1.607789567908121387
MAN.28wD2jELVwTMZwRK6TqbcaZjC1JR5,32.476192935225382522
MAN.29HqsJ5sW7UiBN7orcVHhUcnURvZe,1.609074386262259381
MAN.29NXWNsjTgQ6RiznwSwbrGzzdoAaE,1.606183544965450753
MAN.29UNUHvQ39YxgA6qgnHrsfGXrLGn8,1.613731852796005157
MAN.29onVC8CCCv7igUuPTR2JArurN4j,1.606183544965450753
MAN.29ysUJm5bwoz2KNtknsY37qAqK5Rn,1.608592579379458623
MAN.2APb4eWW8Aoo8UXm4qHtKQS6UJnry,6.004437975764760564
MAN.2AQe96LZ9ehC78yFQXkhxyt3eayC9,17.154135679720449583
MAN.2Am7mk2tvfvVRM8vT4osNg7TuqX8y,1.606022942671184881
MAN.2BWCuxJ2c6fdERpvGQ5fyEKxZ6dTy,1.613089443618936727
MAN.2Ba4xM55D4dB1YFLSqiF9ms2gVFf7,1.608271374790923922
MAN.2BhbX6zZ9AACcdQnpNaAfFsZw65T2,1.607307761025320286
MAN.2Bk1LX9J4K9UVvdhbgkuvvbQJDfGT,1.611483420676266097
MAN.2Bt2U4mV7QZ5hWdXXxM4pgf2vhM1d,2.218078286123172767
MAN.2BzzZSpEZghmijA2MUzaZ6wdmLiZe,1.611322818381998441
MAN.2C91EzE4YQQnZfGYamtpNeS6Fqg63,1.606022942671184882
MAN.2CYCizQXsiRXKpR9A6M8L9hxCAekV,1.615498478032943443
MAN.2CZKCEgtnF6C1aQS9ZC5pCyMTbCRP,1.613410648207472237
MAN.2CZUFdquaYQmPGSPYBZHLfUKoVJN4,1.609395590850794082
MAN.2D8iDiXZPXDGn8gFyrbZPkS6kfrQC,1.606504749553985454
MAN.2DEjKozi6jfxCwjr4UbLPHPEtgpja,1.610680409204930638
MAN.2DGUZ54FnGzsxkQAKnDK7rkRi7Rr7,6.439509590934384273
MAN.2DJTCKzujPXHAJQRGj1uSMLgogz29,0
MAN.2DZSYGtF8H1CDMHuRC56oeu3KfrRk,1.608592579379458623
MAN.2DgE7NvZfrLPGMudZAY5ZHMgVp4z1,1.606022942671184882
MAN.2DgJUcgLTg2NqNh489ePXDfsWzLvr,1.609395590850794082
MAN.2DgKhXp8DCUX83DHHKSmEaJGcEfgo,1.609074386262259381
MAN.2DhbM23JHsYsmrKXa1hmeEHsSNW6f,1.613731852796005157
MAN.2DtSmhfH7j7LKf6CdkCjKojAhnBT6,1.621922569803629452
MAN.2DtgPPTR9cfJud4ieRrBRkXMpD5ua,1.606183544965450753
MAN.2EAUwwW6Fp1vuE1in3PtnSYyhyAXF,1.607307761025320286
MAN.2EQr5uLDWLJsJ778Nuas4JD1Ywo3J,18.396029194532829904
MAN.2ERURKnkKhuvBcdvB6UiuwZy4uhdj,1.610359204616395128
MAN.2F16htibs3Ynvvk62FqGXNnzrWNEH,1.606183544965450753
MAN.2F19z1GcixHghkv1cv3EnDZMoVTmg,1.606183544965450753
MAN.2FGZVo8Q3NdgNgFE4i6KPGRdBbtDi,1.614374261973074745
MAN.2FphMPQ47noZmaEZcVRsTghEMK8m2,1.606183544965450753
MAN.2G4kLMNV3JDGqf7Zz7hbnGbNFxD4b,1.609395590850794082
MAN.2GJiUTqxfYEVnrGC6WHMa8Hy3Hvan,1.611965227559066875
MAN.2GM1fGfKgos1p8mybiRy5Zcz7BJ5E,2.101962827368046948
MAN.2GNRtSXM5kafkxcv24SuP9hEnisCd,1.607789567908121387
MAN.2GqaNb9o9V6EucCFsJVkDEcG8aEXR,1.613571250501739266
MAN.2HBDNHFKdZYfSNriG3WF9YUuXApg6,6.460548491483377158
MAN.2HTSqEtbdxdanzHGSvYLvizxwXMHq,1.606183544965450753
MAN.2HomZd8ujBw8VEZYT1UkEXTjZPhCR,1.606022942671184882
MAN.2HvpsX8zBkBKudsYcAHJpejpHXpaN,1.607628965613855796
MAN.2HzRnB9BZTnEStf7HRCnXFosRHQyg,1.606022942671184882
MAN.2JCnzNZrVd4tZFwSX1pw89kHuDcaD,1.607468363319588771
MAN.2JJ1KuzNDAgfRRby6hfM7V256V1mD,161.849692286691292708
MAN.2JJb4e2ZkSaAWnQL9geoEEjYzgXRC,1.607789567908121387
MAN.2JLeruN1XdqAvwG9PXzTYWEdXJb1a,1.607789567908121387
MAN.2JV23qpqmYxub5cuYUdT5CN3TwkVG,1.614053057384539858
MAN.2JV3BZc4eKd81addmJ4vwJhEKdJ3M,3.356106143299975898
MAN.2JZ2jrJDvFpB9BuUDHMxEMm4NmPB5,1.606504749553985454
MAN.2Jf1jmg7HxKnpPcDwt6E1oa9Z5qR9,0
MAN.2JgYBoHa2TjGSgNmPjUYfwxnwAVPM,1.606183544965450753
MAN.2JkzxbxctEimGUU8uGJuGsa65B9KU,1.609074386262259381
MAN.2K2b2grX6pMB6TnKzQPYoDorryZnx,1.606022942671184881
MAN.2KEL7TNT24EpTEgxuMf2eFDPhdpNo,1.606022942671184882
MAN.2KKpQEnx6Wg4nvoosLuYoTyVs4SUn,1.611322818381998441
MAN.2KQdmisrzYFe9cfCJCMGozz9AEfPw,1.607789567908121387
MAN.2KUmcAVmhaiKoMof3B16sxX3XF7m8,1.606183544965450753
MAN.2KWYGsLpFpgXyWSSQBMjZwCQo5zRJ,194.179576531839332442
MAN.2KZcLcqnQcttSkLf9ujJgat1HG7s3,1.618068114741217997
MAN.2Ky8dz2tapmscGTB1HRHqHdDZyyQG,1.606665351848253312
MAN.2LAqLSymVxacy72231T7PNmhuHRMR,1.630916298282587741
MAN.2LD7x8NLEzjWfJnu2H9YXMuWyt8q4,1.607628965613855796
MAN.2LLK1GfiGFfAnzFRJ3xk5pQtDxp3m,1.615016671150143478
MAN.2LLpsiqYrr1oJmyDNMroyGy1LLaBD,1.606183544965450753
MAN.2LSsoxy3KS36g4yyogUDoS1jz1fVF,1.606183544965450753
MAN.2LURny4BPrbACc2GYGweLDEp2vAZB,1.606022942671184882
MAN.2LkEUZSw6prDQaVgBnSkBEXAN8DRK,1.607468363319588771
MAN.2LmXtaeAehsnePEUXTGAoSaTnuBZM,1.613250045913204383
MAN.2LnnUZSvwFWvnTXX6Xwhm4DzfMZgx,1.609395590850794082
MAN.2LuUnKJgAwBtqhHDeB58oKrK7GVnA,1.606183544965450753
MAN.2Lzuw1ApmGKtsTs8FfkBUiFLbMiq9,1.613571250501739266
MAN.2M8fdmrUvPA3exsz76MyVri6NB1Nq,3.635072328441961106
MAN.2MQa3gvwNBwTd4kKwpZGRz8Y9tAkG,1.606183544965450753
MAN.2MXMV4qzoSaVYZGdq7rZvF7zTc6MY,1.607789567908121387
MAN.2MzNsikFtTuKr5tbwwNf3r7KmJTsD,1.606183544965450753
MAN.2N3G9Ux3SyG1JKWtfUuSmeWqaeWwU,1.789591365018500978
MAN.2NTFiGxs7N4FT9EGMgSd8qskksxRP,1.606022942671184882
MAN.2NfL8JrM6BEdZpsDb69dkiBgEM8bn,1.606022942671184882
MAN.2NuAA8PA2pwu7u1dvm7i1jnsJyN6M,1.606022942671184882
MAN.2PFNoaepnSSvgngRyxDmKhjXmEDs9,1.606022942671184882
MAN.2PKt3RC1MaAeWpcs4QYvbEMHkEz3Y,1.610841011499197687
MAN.2PRpi2iH2iC5gg2EWD9dickZEunVF,2.145646651408701567
MAN.2PY66NiQt3yAYMZDDZGsoRUjktLo9,1.607950170202389039
MAN.2Pa5Du5Lk27GT9jBSu6x455WiXUQt,1.615016671150143478
MAN.2PnX5CPrLWi4ttu1JLUpo4QHi11gW,1.613089443618936727
MAN.2PrNURc6okpyGQrDTMHmA2dm3mni,1.606183544965450754
MAN.2QJz3fgY1XnHJhn8dAmWRAs2MNtjM,1.606183544965450753
MAN.2QZJMza1ZkuidD7aUPEkwjcM8MhY,1.606183544965450754
MAN.2Qveyfs2xyA47dWshkdSRkVNQ92Pj,2.928743438255172464
MAN.2R1FBLsDgbXUSWFKZrhvAQ3TTZWqW,1.614374261973074745
MAN.2R1KjVjQBCBVvPgyDKLR5M6bB52PM,1.606022942671184882
MAN.2R686bRccy4nrCYfKV2ZNDCGVCB15,3.546901668889313458
MAN.2RKncYSM43dUi59w1cgRbcWgPA2qk,1.606022942671184882
MAN.2S6atWFGMZPxghhU68ytQ63pzMjv3,1.607789567908121387
MAN.2S8CSndndmZhjqui5rpC9DXCh7gSc,1.606183544965450753
MAN.2SBP8AiKmGV6d6zPKbvEH1BEEJ8qq,1.607789567908121387
MAN.2SBhUvFeuk83DTk6SweuZt3WzL6i6,5.348056399095046995
MAN.2SLAaRs1QshkUfteC2ar7udNHmtkA,16.640485515898956494
MAN.2SRhy8FcNq1hntGXoxwKPwsT3uK3c,1.609395590850794082
MAN.2Ssu4vVnkCWFRKqn7wC9c92gve765,1.613089443618936727
MAN.2TMkK3Wz3PaETbpywAuy7Y2ukxwum,56.345066511498813873
MAN.2TXHHrTLbceFJom9X5aYyLRcD6iT1,1.606183544965450753
MAN.2U7KD1doBnSEysHttepn2w3XL8i3f,1.606183544965450753
MAN.2USZ9wntfRt7JcZuPN3LQSxvrjftm,2.420597779194009915
MAN.2UT3AXUyaLS5hS4NtueLjUdFvfXCS,1.611804625264800171
MAN.2UeQU24tmTTVsQyxYS3J8TFC2vFv8,1.606183544965450753
MAN.2UvK46FtCCr32vvG8Pmvq4mmkV7fH,1.606344147259717802
MAN.2UyTQy1L9G7q4rbPx6f8o28ShCe5s,1.615819682621478953
MAN.2V3BZnqduszGB8N2jFX8xx88BPvnH,1.615177273444410523
MAN.2VBTGFRkVWgR61uL9dCbqeBYcdDaL,1.606825954142520337
MAN.2VeMPY6oizVuLYoAk36No2ZPUT6c,16.136515516488737167
MAN.2W4DSMcFapKpowsnD3SpTu4w3PZus,1.606183544965450753
MAN.2WAumSTupcTp762yDSaGAaLBHVneQ,1.606183544965450753
MAN.2WG8WWwYg4ZCNTc53AweNLBXSC7Br,1.606183544965450753
MAN.2WHwdSjKExV7ott1h1x96K9jNLqq9,1.607628965613855796
MAN.2WRzeKe2MhoZEFegPvLHTBVNTQjU1,1.609074386262259381
MAN.2WbuABGGJatpqRiMoWLUJjybkLGLi,1.609395590850794082
MAN.2WhFfFxkdbCjU4CnziaUFDwdK6NZd,3.593155129638241211
MAN.2WzEnbMRqm1YYs1hcZsvHKa8CPcz5,1.607789567908121387
MAN.2XAVtfcjVbUW3XcAhsFxTDEBhpGmY,1.606665351848253312
MAN.2XNEM6n33PKz9GxEz2seHG5ZAweim,1.606183544965450753
MAN.2YhzZgG39Xba6i8iUjP856kvBf44C,1.617265103269882538
MAN.2ZEThmRHpSJZNT4BoWEfrPw2dWsVB,1.614213659678807696
MAN.2ZZZsGGWRtrnMVPRyRkxNEWKyMzCQ,1.611644022970533142
MAN.2Zqbo47sGj78kTra99sWFi2kNhanz,1.606504749553985456
MAN.2ZzumFSvsaSyQaY5xtUmyoL5NJLPb,1.612768239030404434
MAN.2a2ARM6T3ix7AkTDN6VgoZRp4BHtE,81.457001845399743866
MAN.2a5zpfJHkvmYLHCf6RebC5xLqDhFg,1.607950170202389039
MAN.2a8svSGAVpTTQqCF9uv2ANGVySC61,1.609395590850794082
MAN.2aAVwapsZ4drNmY3k2SkKruaL31Gx,2.420276574605474425
MAN.2aSE4CU1N5XJMtxN2KzmM4dJ4Rrq4,1.611322818381998441
MAN.2aZNLcSCqqhBGz6JJHLCB6RFf97qY,1.606183544965450753
MAN.2arjbR6TSpEEbG2FGg5T51TdNv48Z,1.607789567908121387
MAN.2atXBEjuoJ7KL9hTLUNNGJQuhB9RN,3.306158829782900841
MAN.2avg71g6drTmnejAyrt4qRsws5CUD,1.609074386262259381
MAN.2bMonxtSG6e2dvq9dpqcEHmZR9pD8,1.610680409204930638
MAN.2bXQ3VR3iFzsbsh1gjDhB5JEjqa1g,1.613892455090272186
MAN.2boKB5gBLLwcCVywRAAzSEuNorJMS,1.613571250501739266
MAN.2brDpfp4U8avLETvLJh22BQ2ExoE,1.606022942671184881
MAN.2bwW2cK3Vy4gSA3B8gw5Lgc8bwqE6,16.469444072504476073
MAN.2cXhPLkkQ6xJz5fCvDkY3hghXTMGG,1.608271374790923922
MAN.2ccdRFGda4E7cRJw4ZwPNPZ68D2QQ,1.606183544965450753
MAN.2cgQ6ixe6MHffpHffZhyC2FGBAgJ4,1.606183544965450753
MAN.2cmufnkM3jMa8VxuJzJo7zrfiEbdE,1.606022942671184882
MAN.2cxg3NBKnV7AksU9p5vp5e3ghbAp,1.610359204616395128
MAN.2cxsGsL1aiVdk4tFxZt8J8DwY668K,1.613250045913204383
MAN.2dPraZSvAx9jNm8onWBg7zVrTMBmu,1.607789567908121387
MAN.2dXVF66z7zoXhEtRo9U2epMuBDcRN,1.609074386262259381
MAN.2dZHzDXunHKFN34cwBVm9o1sEyv39,1.611322818381998441
MAN.2ddUhvmX7sh1HrjVWx6VUsWgn1YBZ,1.613892455090272186
MAN.2ddwUKjz5xz19spGjZh8pFkpbYyXi,1.606183544965450753
MAN.2dnHhFdwHYkJjjBbiKuDSjLoQnS4e,1.644728095589558535
MAN.2e368z7489DehGM8DwPe7LjxKch1b,1.606825954142520337
MAN.2e6QtUpRDLot5NhHZfBNpK1JQPhjL,1.606344147259717802
MAN.2eAET2cXNAyFAjLpMeiw2caTFAguJ,1.614534864267340616
MAN.2eULN6PGStfA9wZW8gVhRUo2DqdW3,1.629310275339916807
MAN.2eWiBYHWtLRzPwWJAge2qw5fZnDKD,1.612607636736136782
MAN.2eYdif3eiA3Zwn1At9kEtR7NavfTk,1.612607636736136782
MAN.2eaCk6m4t5iKsgAR8BLUSRNWNp8Q5,1.611483420676266097
MAN.2exb6BdnVcJJdovbA5q8mVk8U9ST,1.6392676175844773
MAN.2f7SUsrGHv8aN2mvzb7FLRFpww9As,1.606022942671184882
MAN.2fAJdiBuFLAzA52wyALgPsUSg3Bx4,1.609074386262259381
MAN.2fDTDzMGXNkk6eT8WBg32hC4YnG7m,1.606183544965450753
MAN.2fDySp9cPPJkxkCdZyQFQhFGjpkJ2,1.606183544965450753
MAN.2fTo5twwwosKyeyLAeYWKrJYabdrD,1.620316546860958838
MAN.2fbEo54EfTC1MisL6b4GgBA6SZ7kj,1.609395590850794082
MAN.2fowgktqb7JKQt1a77uPBxzBJdjnQ,1.611483420676266097
MAN.2fsemvwyhzzGmr6bPjc6Ne6dgpeSo,1.704953955939729898
MAN.2g6BpaR53CRjUuXYLBt4mhafjXhVX,1.613571250501739266
MAN.2gPVF3GQCw71zYYnRNMDiBJN7AcAM,1.611322818381998441
MAN.2gXGNbv5GHyyZCTxHChfa6mRRbw8C,1.606183544965450753
MAN.2gyVGPfFYKJvL3iAPmrRuc2Zdi3SM,1.609716795439327811
MAN.2hH1HiiTkAbbr9jj14iZpwa8UbaVF,1.610359204616395128
MAN.2hHbpxqcXYHyJjhP3h3rZh9fY3B6P,1.614856068855875822
MAN.2hZvVUzz8EHCzLW7YCAzcjJM17bJy,1.611001613793465339
MAN.2hbEkKDEstD1SfRGbak4FQHxQ7L4Q,1.767107043821104488
MAN.2hcyT3MEmqBW3MVx2NRgMzvo4gnfC,1.609395590850794082
MAN.2hy4Y53XnTKRh7idpPCoErPSTT6Nj,32.868062533237151884
MAN.2hyXqMazS9GFBnvrh353yxMy3wCXN,16.385127868014237286
MAN.2i3nRUaBV9R6v5pz3nXjRZ57ejZop,1.608110772496656088
MAN.2i8X8X824N4jJXHop1d1RHiKGykDm,1.607789567908121387
MAN.2iJGFvTTK6ttJXJbbKienhF2p7ung,1.606183544965450752
MAN.2iU6N29vrmZYKgC78Doz7iRdTic2m,1.606183544965450753
MAN.2iWtGDvZj3Nh7vYQkgJh5fsex5XL9,1.613892455090272186
MAN.2iX8a5mEYnz7oJGuYDJtu3SjATXHZ,1.609074386262259381
MAN.2idMkYKGJjPphDgVodxXkE1cA6NhF,1.607468363319588771
MAN.2ih7HmqLNLSp8Xhu6YgJBehAYk2ds,1.611965227559066875
MAN.2j9YhgZix4Jt7ZBG7GHCqVADGyuap,0
MAN.2jB9W3umuTuRC4Gksu8ybsAHhJT33,1.606022942671184882
MAN.2jDUEectpq1HxkoKZmxCiCupa4VDG,1.609234988556527053
MAN.2jEKHBahgVoG6CwFHTLNaiD7tTtbC,1.613089443618936727
MAN.2jUWkD3hy2NSMHvbQBaXTFiBzVVzi,2.504271574507178487
MAN.2jXcM8aVpMZkk5Sdtkuwm8UPQ7Ew4,1.610841011499197687
MAN.2jgwZUyJYGBLFsUbLoTATxRxuMcBN,1.606344147259717802
MAN.2jmuSdMZta88YkSKeGgJAbK37DY8c,1.694193602223831842
MAN.2jv4HWpY6aigDkD9PYyP7FGaE8cT4,1.606504749553985454
MAN.2jzFHXefnCRhH8g5F7Xbh86kyzbo1,1.607628965613855796
MAN.2kHy2g2WQScAiS1c1nWt2HUwUZt69,16.158036223920532606
MAN.2karsHBXaD6S1kuDvTwx7mCnTzxon,19.939256640145573203
MAN.2kvPgcdrxq7BU2NJfTgtNqyHowpEo,1.614374261973074745
MAN.2mGdWrgRd7DmqXbQJLfKBKWbgQuK2,1.606022942671184882
MAN.2mHv8WkPczgZaoruUx9nn8b7dQaev,36.938527681437272516
MAN.2mMdPhSrdh9LTwhfxRz9C1eqJhcAT,1.613571250501739266
MAN.2mYCNZdtwsXa2DvcNgtqBxEJKBS22,1.616301489504278902
MAN.2mn458Z2uhQpfpye9Li8KQ2FfSDtN,1.607789567908121387
MAN.2mpm2WSfMhvSfsabzybd2cp34jfDs,1.611483420676266097
MAN.2mqyEiDsBxN6a3Cp4Hz2gQ1wG8rmp,1.606022942671184882
MAN.2nFo2aUx2WbUvsCG95jphfErZUUnz,1.606183544965450753
MAN.2nTumBcxhVkeVLuVGXF3ZK8GT4WN6,1.606022942671184882
MAN.2ns8sSJuGbeV89GZ7BMiHj31XETPa,16.272866864321522397
MAN.2o9tmiQBLvka6ThTrNBFYd5ThfU96,1.607307761025320286
MAN.2oLytS1eyeZiYurhREJKewaCWdPRi,1.611322818381998441
MAN.2pR6qWtfdgvvAzHDDDKYenBqditzh,1.608271374790923922
MAN.2pjwMFR8ESd9xEdsJD53PVXqRrvcr,1.606183544965450753
MAN.2pnVkn3KhzEiFeqk59jKFsC9pUMoQ,1.606022942671184882
MAN.2popjipmkZy19JXKJhsqAFft1agRd,1.611965227559066875
MAN.2ppokvPrCXjMyL4NCqLtLnoRTJN8L,1.606022942671184882
MAN.2q1r1d2RbjoPAN5szDJFx4Ch3s5PH,1.607628965613855796
MAN.2qTyzYNaS7xyd2PKm7oYaEbHALvD8,1.606022942671184882
MAN.2qX2tw4QS4LaCinndg5xz1AZK4QZF,1.901209959534148066
MAN.2qX4471ePrPTFyWBinwFnv1W4Xf3Y,1.607468363319588771
MAN.2qXN3mboE4Xho7QH1994Lj3tV9XYf,1.607789567908121387
MAN.2qd9NK7t4UDZxfakyUJuZzEtEHfLK,1.614213659678807696
MAN.2r374yJx39BVLvF6cLnagLX9swk1r,1.606022942671184882
MAN.2rD416Ef2egaDmXe4s77RYaJrumMA,1.725671651900188102
MAN.2rhVXofg9nRv8eoigczXDP6ZbVuu7,1.929636565619427699
MAN.2rjx1oTNtxTqLBJ4ChyVJn3RubVFH,6.222535891379507901
MAN.2rnyioPzdQjmQMeuRR2G2ZJKrAZon,1.607628965613855796
MAN.2roS9pK3BVJXyvGBZE39XzRvpBqMR,161.822711101254416656
MAN.2ruwz2bLYmBVkwDrD2b1tHvqY8Y5W,1.611483420676266097
MAN.2sFgmV3GTmWtetNUNUxpQQpdrMaRt,1.610359204616395128
MAN.2sQxLRVhEusSCf9KPQzJtRoLwkcE,1.622083172097895343
MAN.2sWPJFWTMa7hXysQzzN1996MZcVAn,1.606504749553985454
MAN.2sZcwvPqJejoA2ZH47TR2CYmY4xYQ,1.611322818381998441
MAN.2sxhwaR9Sb6JL1fHcgLcUsUFNScd2,1.934294032153174269
MAN.2tATQ6MFBzbVNMbaR4TDtLe8P6i2f,1.606183544965450753
MAN.2tKfZLvzRTTuzSyMQsGpDbUaxF3ac,1.611483420676266097
MAN.2tQUf5bVnSrhwPAJXcoTMX4E7ZADA,19.721961736002159539
MAN.2tXsr6sJbnBhAbjwRGaGbMb1uXEML,161.849692286691292708
MAN.2tZhoTnQ4rigsAjKtwFXkScK5VH71,1.607307761025320286
MAN.2tifuMuKXx9kXTeVB2nqqroLADRnw,1.6187105239182858
MAN.2tsSGJJDVT6S1xDyduM22j3TkZZjv,1.614053057384539859
MAN.2tv2GxBdmUuT4jXUWs2HErgvBDWXZ,1.775618965417259938
MAN.2u6vF7PJW6oRME67yKGAbuSxVxmzN,1.609395590850794082
MAN.2uDVLBWRTtpL4sR7x2L2pKbYuW5G3,1.606022942671184882
MAN.2uTgkPiGX9ziKuAKyeeWBt8duiBRH,1.615498478032943443
MAN.2uYsRGHLR5BeaGZFKGkJNxhWDfwf6,1.609716795439327811
MAN.2usBHDKt2eDPRQ2kQ7h4WAvEKimbC,2.248432119739658523
MAN.2uwt8SrJD13KfLjF442woocMQQ4yY,161.767624514320794766
MAN.2uyx4fyCoYRQMFXNL7jcJYZNyBKVd,1.606183544965450753
MAN.2v1UQ69bhTJMoFdEkGnvuWWRNUBRC,1.606344147259717802
MAN.2vRJC4Vz2SbuabC7kcgaKaM6QUENa,1.614053057384539858
MAN.2vfricHKq6rJaTf51YgqGtZVuLLdB,1.611483420676266097
MAN.2w9BfjZ1BB7a7XyMy1m4T6n5TKe1j,1.609395590850794082
MAN.2wFbTfXH9wNLxXi152hEyagZGp496,1.606183544965450753
MAN.2wS1axXVWQAwDr4sA3gFkHcy1w3Lk,1.613250045913204383
MAN.2wd6HGegePn4m8Y6jGzRRfpLcny4D,16.928445429519900181
MAN.2wekMBCVm69wSLRX1UWzGEpAKzCGk,1.606022942671184882
MAN.2wmTUaW7iKAgCY8ZPN26rURNbw66s,1.609074386262259381
MAN.2wnuWJXR4dpzC1KAhDAw5hfDZDYWy,0
MAN.2wzzbWmw5yLamfBw9QA6v7Y8MfQtc,1.612768239030404434
MAN.2xCMe9Me8ebGosNqc311n5kgHLJD8,1.606183544965450753
MAN.2xJ129empPJZm6FaaUwZGGZAEvY67,1.613731852796005157
MAN.2xXTkhvoZSP4txzzbDtDatZ6YBm19,1.611162216087731396
MAN.2xXiw7srRuDSR2RLYKMKbhG13tuSL,1.606665351848253312
MAN.2xYCF5AaqbFdCGwVzj1r7zDXTiVUM,1.614695466561607665
MAN.2xqEF6PRSZev9Q5j6ztyTmp8Zt2KK,1.609716795439327811
MAN.2y146BHRJZK94TgcGqxADYtebx1R6,1.611804625264800171
MAN.2y2f1FppasQEEwsqs7FpGVQ32rDXQ,1.607628965613855796
MAN.2y9e6z7QvSgdUPnGSpEQj7YvWdoqk,1.615177273444410523
MAN.2yB1eqXXaQp8eAJReqPUnZ22Edkn7,1.607147158731053261
MAN.2yEc9bPab3H55JEsy2XYpNbnwCKcc,1.612928841324669682
MAN.2yNWUU4vAxNXo4sgMJVHezWW2HvGT,1.613410648207472237
MAN.2yZDz3YXvX9NpdAM8UdDRNjS2EjCk,1.609074386262259381
MAN.2z3ND5X9kHe6QLE4oN4g7yofN261z,1.606183544965450753
MAN.2zKab87acJdADVKAyk5yfdocdY62X,1.614213659678807696
MAN.2zSUcxa7tkKBgLmgMhZCQBv1tJBT9,1.606022942671184882
MAN.2zShwhMfMef6oQY7TgD2izZvJtfqv,1.606504749553985454
MAN.2znywvRsHSCeL2nyv33aToYpYE86b,1.609395590850794082
MAN.31RwpHNgqCeuer4oBcX4xyfN31F1j,1.609716795439327811
MAN.31TVcs1bp4CfJjDZD2yYLpZrrJGew,1.613892455090272186
MAN.31eb74dnRVSAwLtF5UdVMyZrdR7vm,1.793927626963713491
MAN.31j7JetfnrrGz2RAgb9uFFEmHyUsB,1.609074386262259381
MAN.31jgSQscYshrE2Ny95wK6RDFXc7aZ,1.606022942671184882
MAN.31uRb2uAFrGvAoJwurJaZrNwpw6vn,161.757827774370501298
MAN.322ASehSkhVcWSjiUAEyemT6hjogF,1.614856068855875822
MAN.32BqR9PbduBrZuabvfqbZtmiEi8ia,1.615177273444410523
MAN.32Nz4gGQ8hjqZRyGdcbzEqqD8gjKU,1.611483420676266097
MAN.32eALKaqdTByT7RMLndXHhBEJFPqR,1.611162216087731396
MAN.32s25896SbkFuhaHTBaLJYBShNeY2,1.607628965613855796
MAN.32tC7mh2cXJAfzKhkntBLXH1wzx6Q,1.614213659678807696
MAN.332kNo1ReCE8JxRPmEq171wkcKks6,1.614534864267340616
MAN.337MGCEvkT8mv13Umkf7GoTJz5au7,1.619031728506820501
MAN.33A1ECHVhK4XvNMfEQ4Y3SmQ5ksyU,1.629470877634183856
MAN.33JkaMXjZC6DhTpZ4cysMyqRM3Jbn,126.443149890268063219
MAN.33UboYTnaRjxwKMa9jKBp3S5aH7W4,1.609074386262259381
MAN.33X4kx57QqonDQTMJxuhaQxzRg4TT,16.077895679081239631
MAN.347e3RE3aDL1aac7aDG4cToFsomp2,1.611322818381998441
MAN.34EZWBSNEv9mNnb5doSSLJ3kKiwFc,1.612286432147601576
MAN.34Ljs45K44S2muGHTdkesyBNV3aBm,1.606183544965450753
MAN.34cnM67fWeTK6rjTjGok19uQf3ZY4,1.606183544965450753
MAN.34tGrf6FHxSvbfAbHyFvzcsPpMeCb,1.606183544965450753
MAN.34xMUUhnTWcxYKULYhCAwRyihesN4,1.606183544965450753
MAN.34zMLpyVLNB1Cbbupg7b3fCiMhUub,1.611322818381998441
MAN.35Eesd8rX4tBsezuYSNFg4pShsdK6,1.606022942671184882
MAN.35vkSwQGDS9n2qomTGXbcQbD8oxRW,17.749604960107677132
MAN.35xzT6pYhwethgqpYhSmzNgpYemBL,1.615337875738675771
MAN.36AKDbUf16x5JegkeA43QuU8wMHJL,1.606022942671184882
MAN.36QrqZ37HEuU85Bjy1yxgjtVpaR88,1.611322818381998441
MAN.36cQhYprmE8CcJw8TCjHthMrt8NDD,1.606183544965450754
MAN.36nzBJVi24d6FGbzNxMheuJ8WJwJ4,1.613571250501739266
MAN.37G2TLNGXKU51cxQprzibjwUM9b4a,1.606183544965450753
MAN.37QdE2zNzYDrmuHSoyLXLtRBtnhiM,1.613089443618936727
MAN.37Z5kQbRn13UixsPUkCwQBNRgJbyw,17.182357656756214511
MAN.37uE7CBu8AmXvPK7eNCSwccBTSGZc,1.765019213995630693
MAN.388fqi5b3Ggpf8ekLfMGksigepUvJ,8.065607820388961317
MAN.38G1A2sudf7QFNt3TVW6qcRp5VeRw,1.613089443618936727
MAN.38MWJNm3fxmhiwLEAf418kphaWAVD,1.645209902472361074
MAN.38WPSjdfdF5XZoMviUjzybgaGaSnQ,1.610038000027861885
MAN.38mCjvKToWkaH5sfz2aBkKK2jg28y,1.606183544965450752
MAN.3998sNzt8zX8n9zxBAftpWcgKb4Z4,1.607468363319588771
MAN.39hEjULALmMRthjyheJPPriXYvBic,1.606183544965450753
MAN.39hdv4XiN727XAh9ubVGQ4fxfnkEG,1.606183544965450753
MAN.39jEs4oEgjFj84DauZEyBnEYbWLFc,1.609395590850794082
MAN.39s7BzBJqUDETsxjQcctNsitLiHBQ,1.606022942671184882
MAN.3AH1CHy8ZdJJJVnYWY4tZLkFeLprw,1.620155944566691166
MAN.3APahoH8XsQnUG6pyYeLj54cXmNfC,1.618068114741217997
MAN.3APx2t8G4HD4tHRw9TY1fnXXVpLsH,1.615498478032943443
MAN.3AV2mGuZYWvKKuKqVBS2CEwuewBNU,1.606344147259717802
MAN.3AVEVFBDDiQshuLuv47gqwHBARSBg,1.611804625264800171
MAN.3AmaycC3VrE6cez3myLRtevjw1Lk1,1.607468363319588771
MAN.3AxGyXSr4jaCCm6BJr4sJkbAK5seE,18.485966479322415332
MAN.3B44nohB7e2cZJZPHzgmtnCKFxjH9,1.606183544965450753
MAN.3B7okUmR1FRv6e3uLUDPY9oYaieBD,1.791197387961171892
MAN.3BADEqeUSKMfciXoLps6CGMDaDBDD,1.606022942671184882
MAN.3BMW9PoNM7Y9KZ67XR1NEr1tna81k,1.607628965613855796
MAN.3BPR1nSsgBdq7NHBTVDYf7knQ1uXo,37.586236734216561214
MAN.3BUSqad2hcw8dPGd8S3YdESvuEAEe,1.606022942671184882
MAN.3BdCAR7xvrd4L8MmCsHGUELVSBDfm,1.609395590850794082
MAN.3BdFmyoBDJ5Vmf8qv8eSmd8qiVJpB,1.606022942671184882
MAN.3BgkwYuvg25Su9u6TBVtzMnbqffuD,1.720692980777906489
MAN.3BwpUfkHbVjXPdrKavsQPK9apZtgk,1.606183544965450753
MAN.3C4HuFawkMHos8unQDjUKcSmFQGcK,1.606183544965450754
MAN.3CAYUmnQfX6Nh5sKbDPcbqTrnt8T8,1.612447034441868924
MAN.3CDFuHGKyZPCuUymYxhMeTG3aiW31,1.609716795439327811
MAN.3CECvMpMcifxCWzTg9MLcJHofBCCe,1.622725581274964927
MAN.3CFLaNugTRond1bgWKpbtcFgWyfbA,1.607628965613855796
MAN.3CZUYkNHUDQTTdjZGkJVUrRwAsuHH,1.607628965613855796
MAN.3CaHwXriBnSuWaLY4ZADWAPxrcGcV,1.606183544965450753
MAN.3D4Lf6qN1nXMdCqQsUWXoCFpPwmy5,1.606022942671184882
MAN.3DF1aXvENGNv9LqGENveqfA43HcJB,2.686233973911823326
MAN.3DKVVcnh4aNV6YwbaQ2FSsCVzhavu,1.609395590850794082
MAN.3DMPhmU9kD7mw2nHc1jAU9U2TwiYb,1.613089443618936727
MAN.3DUh8qFZDpDBZ3utRkjV4mCQb7DnU,1.694996613695168797
MAN.3DXKAtayuhkwTK7fRndV3CjS7k8MJ,1.606183544965450753
MAN.3Dckz9JTC3fQzsQhShKx22Aaffdi6,1.612928841324669682
MAN.3DeMycwrzL1Qrnozc5QQFhToX1YQr,1.611804625264800171
MAN.3DjdboD4N2ZUpgZud26ksS6YcWbZF,1.607468363319588771
MAN.3DsLj5VdNVKqBfLCdUmCeQ4iVQRtJ,1.793927626963713491
MAN.3DxVU9gc7TPJfEXoTPuPfKASwLtKc,1.613250045913204383
MAN.3Dz8GwHzwQCj92iwEi8E4LjuWFQgY,1.609234988556527053
MAN.3E6A5bUcg79dkM33HB8DCGz1vj5C8,16.132661061426326864
MAN.3E9np5PC5A6GzCpawHURPp5qpZLBa,1.607628965613855796
MAN.3EQV1ZQPCeMidvxQxfUsefWRX9XdA,1.606183544965450753
MAN.3EZWXynuJkboAErv8f73anJcBxrAh,1.614374261973074745
MAN.3Ej5E2Ctda4UFY74jRS7FsfLgTtST,1.607628965613855796
MAN.3Eqe1TJtoor6yvLifTWULMoqGuP17,1.659021699779332677
MAN.3EyrniwyER4RyiBX6VnK7XGCpd51u,1.607468363319588771
MAN.3F5rfk8iYPvFo1oECNPqeXBJKDzkC,1.608110772496656088
MAN.3F88YdYGkVK5DvmCuBrtXX3PtTzvC,1.609395590850794082
MAN.3FUAV8eBmVcK79AFZNjkZenMxuCYJ,1.607628965613855796
MAN.3Fpaa2RbKZkUa2tUQFhbTHvh46N6A,1.853511078136814663
MAN.3FrXunVFpA593pJQyjD8dp3JZy2cU,1.613250045913204383
MAN.3Fsm3KuhcbVyJk1DFnMGntkykzhFC,1.852226259782676322
MAN.3Fz9qyJNdi4VuiEX29p95gS3hXqmK,1.610680409204930638
MAN.3G4bj7faggZ9GLSKP3kY6EzCiT9du,1.611322818381998441
MAN.3GF3oMCVnErB1ifeFxQMTtqnzxbN5,5.777185729376787886
MAN.3GYH2iHt6aPkzWDFuUCwjdzdFvbGr,1.613250045913204383
MAN.3HARSKTsFgwvJfqohjpiojXrPFQGr,6.432764294575165328
MAN.3HFaAJ72M9BL5w3Gy53kaG347p7H8,1.613731852796005157
MAN.3HK997TB5NxEU8vNbcSVZRydfdAiA,1.617104500975614543
MAN.3HMjxunUQJy1ZGY4uAagHGmTozLs3,1.609074386262259381
MAN.3HNg9VwRaxGzUe6xZM3EVvKdp1H95,1.611322818381998441
MAN.3HRY3kASfbBQ9hGFk9fYV92ReyUL7,1.789912569607034707
MAN.3HVPPJ9YpsJF2yUzFZ8h2kDvPGbrG,1.824763267462999516
MAN.3Ha2pKcctCXZNSeMhYYbjVfG9HyH1,1.606183544965450752
MAN.3HffopR7CmYpk8FobNZWfF71Rgy4g,1.609234988556527053
MAN.3Hqn4p8GvPH1aJv9uBYabsgacdvU4,1.60955619314505935
MAN.3HsZwYS2CHy6tLsTKrUuxn7nRawjY,1.611322818381998441
MAN.3JAHLa76NA487P4uHdk1vaP94QYrN,1.613892455090272186
MAN.3JQRrtNUYUNYykTGLDHQMa8AGfaF6,1.613089443618936727
MAN.3JSA5FiWTq1EWH1MpSzz4GoQyhWxi,1.606022942671184882
MAN.3JaX2snw9UHmxty2zXJUmydiGQNy2,1.615016671150143478
MAN.3JbQQLZ8gG9YGZpGFKYtfcMkkNvvj,1.609074386262259381
MAN.3JnHnwNii63hrEHk4twxESNeTjhoB,1.606183544965450753
MAN.3JqFuLf5wmrwJoGRnDFSARa8P8H3D,1.613410648207472237
MAN.3JvKvcNntLyKCaLsT4ch7mMhqCtKN,1.607468363319588771
MAN.3KB4UyQ351H2naxUbNW5g6D6zVbn9,1.606183544965450753
MAN.3Kb3ZqsRu3PruaiMgeCcgVEk8dQpJ,1.606665351848253312
MAN.3Kr3FJPMMFTKpwxGmAynLN9xHFhWB,1.606183544965450752
MAN.3LDCRBSqyMkezzsbFKpxmXb6cfGb5,1.606022942671184881
MAN.3LHn3stPU5GTLxD3L4ahbuj92ge2E,1.606504749553985454
MAN.3LNqwaVbc54tP7LXw3zDoQbeFkyfr,1.609234988556527053
MAN.3LTaf51g5GSeQt7KBrDkJsxTqQsuM,1.620958956038026641
MAN.3Lf2Dt2rHFLycBrzYju5Atptkdhku,1.613571250501739266
MAN.3LgrMEZRWPSANXqPQGJfFfPoyb8zN,1.693229988458229703
MAN.3MZDetfD67dx5Ws3MDT6w8E3EgPXf,1.607147158731053261
MAN.3Ma7iFpGWeaW1zWNnMYfGWXkdWeoA,1.613089443618936727
MAN.3MdGvKajwSbAb1s6RZPFbn5Y3DkXk,1.613731852796005158
MAN.3Mt8k5LayZoidMSCUBsogh1D11mRm,1.607147158731053261
MAN.3NCWFKuoAgo1NuPj7t11gXkCvmMX2,1.614053057384539858
MAN.3NUv2gF1TduZDEYKcs3EkFDPXBKKM,1.606022942671184882
MAN.3NcctFd1a31vSJGKBjovHGEer83hT,1.607789567908121387
MAN.3Nhtbsbe4G8QFLZJHrZfGMixxmVkG,1.606183544965450753
MAN.3NoVpN1DUuZf76EkNqJQKStdnPTz7,1.611483420676266097
MAN.3NtC2X7CQ3bM1nw5cL8RxUNN9hDwo,1.606022942671184882
MAN.3NxM6FgcUWQ1SbhQ3XrvPsZTDoLb5,1.611322818381998441
MAN.3PL4RqZSzw2d71CSVnUEWcNBwKpJC,1.606183544965450753
MAN.3PQQLzZiNqUb4ALiPAFJ3qxhqysXG,1.609074386262259381
MAN.3Q1mdnNtjVVc5JtgDUARqpQ9fUvmi,1.613089443618936727
MAN.3Q5NQ2Efo8Ne7e8MX7ZokBkXPAXVu,1.613250045913204383
MAN.3QGuF2KV36iLosKv6hAcXtKkZUa75,389.825130805748924481
MAN.3Qb6p2ruyh8TPzvADXMWytUFm2iq9,1.606022942671184882
MAN.3R6hHPmZ3Hm4AmDMXQ9Cikt5VbQqk,1.608592579379458623
MAN.3RUN3DQESZ7gk9oJzJKNDfTWwqeHg,1.610038000027861885
MAN.3Rs6PRKrGRDEDfvXRtUh7WDhGMGrK,1.609395590850794082
MAN.3RuQmefCBZes1NX2h6pxRrYVQyTd6,1.615177273444410523
MAN.3RzN7EUA5J3uUuDp3P1g3AShQEAbg,1.606183544965450753
MAN.3S8oKKkydHddtwiGU17BTouxHTbpm,1.611483420676266097
MAN.3SAXcRLRG3FgTsAVCuwMTH1ckoKTD,1.810148458684691183
MAN.3SCRg1Hju4rWLWLfmdrbEPWkHDJxy,16.060390029006123804
MAN.3SSE57KpvFUoNe8tTVmAu33hB8mj4,1.606183544965450753
MAN.3SqMPT3hi8XqqrDUUBNcbm5ka8Q7t,16.060390029006123804
MAN.3Sqp4U8hSuiD5ZwzvFcsdT8HFfWDQ,1.606022942671184882
MAN.3SzQTYrrYmQAvwx11bRmVbuFPx3Tj,1.606183544965450753
MAN.3TDW8Gx7eGZfhumGhx9D5iEP8xr2n,3.259262959856902068
MAN.3TMaCqwEfwc94dYJ1aoQiqqvdn32Q,1.615337875738675771
MAN.3TooGSokwd9C1t47oaetiYnrpJsZy,1.612447034441868924
MAN.3UEQPYwDKnpmMjBmo5THvXqu3nY4E,1.613892455090272186
MAN.3UHrZGSt5XSx87CmMPR1tro3MYV3Z,1.606183544965450753
MAN.3ULnfnLKA9icEFcHh2ZDLQ2t7bbpn,3.702685894328417117
MAN.3URdxV5ffVaNQNBEfJzzqb51L7xhF,1.607789567908121387
MAN.3Ufoeo2z1yk2KjooKhXjZBVq1koAf,1.606022942671184882
MAN.3UhgrXeTyFVFUWvqTb5djw4GCLdH4,1.608271374790923922
MAN.3UySGYNBZcKLUmNHQo8gcyWBMMAku,1.609716795439327811
MAN.3UzYeGpuFn3m3vSyXBwGWF8MMs92a,1.607307761025320286
MAN.3VL9fU7NpKH3SgeFtBriKXTgY7Ysz,1.612286432147601576
MAN.3VRqWkDdmURoB9bcDZxUGibKbgvfW,1.611483420676266097
MAN.3VeDG1RbtHqbRdvFKw7WaKSxc7Lp2,1.614534864267340616
MAN.3VhQatAQ4yV1sJvt3f7RAwzDKeeD6,1.60987739773359486
MAN.3VuztceC6jjf7kmTZv9SmF7w1Ytnh,3.221842625292663839
MAN.3W5RKeWhPs5Z4n18gLB8Ck3czMzKt,1.608592579379458623
MAN.3WFERGFCcbBBysFkxPMazwcDsFpFA,1.693390590752496387
MAN.3WH8PcX8MRhihq8Fai1V9NdYft9SB,1.610680409204930638
MAN.3WX1VYGbaccWPDHS8FsJHit3rZd9P,1.609395590850794082
MAN.3WXZBV4kHzhRsD7Vq5yCZfXR4xkfL,1.606022942671184882
MAN.3WckrR7WEUUMtXK87UwTPBxnxpjmC,1.611322818381998441
MAN.3WgPdSeDFfAw1bTwX3hsb4UsoA1Vt,1.606022942671184882
MAN.3WwGh9g5YxWcN47be5oULx3HvJmCb,1.610038000027861885
MAN.3X4saVd6kiEAjevQCx851xLAKR8Ny,1.613089443618936727
MAN.3XCkAGUC1pvY6fbb4a178p5iWKzjH,16.088656032797135582
MAN.3XQ7gH1ZMiBadxLtXiJ7tycZoCWcA,1.606022942671184882
MAN.3XSPP59pEwZF54EoPBwgD1wZApZm,1.606022942671184882
MAN.3XuupLcBCN4GSCdaXpseR1bLhqpxX,0
MAN.3YCcJ1xR9EYHMmbLeTUtbiG9Y1fuq,2.040933955546540734
MAN.3YQ8UsouG5X7FZkfEL3tMyQui5Rbm,1.716517321126961628
MAN.3YdXJgLCrtzSUqppRipv9MhmJcZ8w,1.613410648207472237
MAN.3YjqETRho74zdrxLKXejdaZN6e5HK,1.615016671150143478
MAN.3YqakbBRM3qXsTVUkekPv8ggtwVTQ,1.609395590850794082
MAN.3Z3WnBH6SWd7exZAvczgXbgUvG79H,1.606183544965450753
MAN.3Z7tJwMbZYo5MyQBiNb4pd9dmHhWR,1.607307761025320286
MAN.3ZDqZrJFmCoPkABLBnQDcSQCq1guL,1.611322818381998441
MAN.3ZFe2Z79pmoKHV5es3P1Fid8ZjMGh,1.693229988458229703
MAN.3ZMHN3GobVT2QY1oXjppjgJeeYS9Q,1.609074386262259381
MAN.3ZXiiQinutFVEmAAMrfpK55auTjwo,1.611483420676266097
MAN.3ZhqNbMDqzzQuwFD6vuTw6aNi8Tf3,69.320768274516393412
MAN.3Zixtcc7sisvHiMxTLT2Uu3xLZtNz,1.611965227559066875
MAN.3ZxbhP1U1nDhBW6SS2XdUWodZiMwe,1.606022942671184882
MAN.3a5mdwpi4G7giAwrN6FDE37kD7Fyg,1.678615179679921673
MAN.3a8MKwdgNSviuRGeqzeTr6rn9Y92o,1.606022942671184882
MAN.3aYcpayzX6Dhg6y3V8WKAh33PeW9S,1.611965227559066875
MAN.3aqNsXdStNErUqBWBuSeemPuPgjaX,1.874068171803004686
MAN.3b2RcFznEdHjFsWaE8HKXESZFqCxb,1.607628965613855796
MAN.3bQh5oYEUrNG8Wdei4KoaTUXb7Gpj,1.611162216087731396
MAN.3bamXAdR6yNoTYmZngE9wjDdAGum8,1.606344147259717802
MAN.3bcebZbjEMWqeNvYdDM4eaPzaJEjQ,0
MAN.3beSjUtWAo5Ee5517iF8ZQ2mU8mo7,3.746209116074806468
MAN.3bfW1FF8yHmqCzxkKLsxQW7kmKb1Z,1.606183544965450753
MAN.3buyAMwHA9f3u54QGESHR7YwKvM9i,3.096894040352845902
MAN.3byx525LpfM3Dqk9rX3MAA1mR3fgc,1.606344147259717802
MAN.3cRoBEzvz3rpoHuSmZEbsauZH2fCr,1.613250045913204383
MAN.3cWgEej8c2x9QeXty7XwUqtiDRa9o,1.610038000027861885
MAN.3ccxsiDe5SxHccGncCAFgVi7Fs5tj,1.607950170202389039
MAN.3cds4isDuZtRBCodh5HBjSQ4oEi6S,1.927709338088222368
MAN.3ceT5K3MopsdbbN6tfzsQPG9nsj2i,1.609395590850794082
MAN.3cjXAH87TXFTvyKdwGdqTM9UKe7Yu,1.606504749553985454
MAN.3cwYmaQHBdkon6PW1k8SeH2KJSPAk,1.609074386262259381
MAN.3d82fHi7bE59oi3JaYY7bYScsU5Ww,1.631879912048190572
MAN.3d9xRCQDUz2b4Mf9BKMDsLcaLKahV,1.607628965613855796
MAN.3dGXq294HuUaLYWnYetQuZ4NbMhFT,1.607628965613855796
MAN.3dRVBhjF2kfgVoKqbU3HTeFw4egKg,16.136194311900204249
MAN.3dau6rS6dA11EsKFHrX1fh3tuZihS,1.609395590850794082
MAN.3dhDfJBXSU4pL44TAfHfxDgVumw1V,1.93541824821304412
MAN.3djccuA6VUFpyMBRD88wVviW8GS7m,1.611644022970533142
MAN.3e6ji4ruF4vVLT7cv9Demy52aw1BR,1.609234988556527053
MAN.3eP9H9m5hXEmJDz9Hz5HBmvD9NtoB,1.606504749553985454
MAN.3eUyAuPR771fRjw27cDJ6dBfr5G2C,1.607789567908121387
MAN.3ejKmzeRmcmVDEdPDxbiGrueh3pPj,46.349179716313352863
MAN.3f2CBFMyXYC4Fti5s5haCez7AUHWV,1.606022942671184882
MAN.3fRZrByCdzyJZFSYXeDevVdnD7fCh,1.611322818381998441
MAN.3g3w96Bq6H2fr3coa6WEAawxQP7hy,1.606986556436786212
MAN.3gAvEMbUCY1DNJHng5mmP8nACUYNU,1.606022942671184882
MAN.3gDrgg6AYWviFN9xmbfjJhNfxt9X7,1.609395590850794082
MAN.3gLvSMXzB9twFBTKWFTi1oUTNDhKc,1.609074386262259381
MAN.3gR7gz1RVeuV8GaQqpKw9Rbs2qYUM,2.598705723536244796
MAN.3gi7itwtUnZyxteqpLKigRqta6Yge,1.62995268451698461
MAN.3gohcHvzHojxNwafTP3ZQLCHsMohW,1.609074386262259381
MAN.3hF94xczeVv9jirRwvarZ1biyMYiT,1.609395590850794082
MAN.3hKo4aoqeX7eQHsFhtsbEwq5FcGMH,1.606183544965450753
MAN.3hR2N58T8ugRFX2Gsd6Ybt14yBAdX,1.609395590850794082
MAN.3hjfJXoA9RtVaodYCHAU8r37qw17F,1.606183544965450753
MAN.3i1zionhFAJRnTceCHk6SLgfaWzUB,1.686324089804743729
MAN.3i5LvaZyBoFe8fr82ipNxKCCWPGUn,17.699015237413534274
MAN.3idYiTxk8hJ2VrLdNoL7theqcmwtu,1.607628965613855796
MAN.3ifv14B6S8ZgLXoa5RRkzJPdyUTW5,1.606183544965450753
MAN.3iq5jhfMNbDcMG9VV9tSZ5zEj9BqJ,1.821872426166190569
MAN.3iw2H6H5U51S5J5kH7UDn1b4hATbS,1.615016671150143478
MAN.3j4iEHNBr3JjpCJpVJAaQXjGmxZQx,35.251400580161192192
MAN.3jLXrJP5XpXNAoT7oEZxXo4JJngTE,3.349682051529291027
MAN.3jMSxUgwWYiJzmoZf29TujhML3vE8,1.606183544965450754
MAN.3jY7X7CPTBUKRg5TaQ39kE1hd5BFw,1.614053057384539858
MAN.3jdUiyThsRsnaqpBv8fx4Z3iern59,1.606183544965450753
MAN.3jeTa2shiJB9UiNSiR1K6f82MHZpr,1.609074386262259381
MAN.3jmXWo7vqw13SGxkJqtQPpcJvHtmx,1.611483420676266097
MAN.3jo2ksWuujs2iGkkVChSbwPYJ7pVd,1.606344147259717802
MAN.3jstiSzSF8QWLkn6GyYfnt1MXkCbx,1.606183544965450754
MAN.3k2vVYVvFp5skZkZQHGNjTujuowu6,1.611804625264800171
MAN.3k925DA1zYmDeDode9RP9zTRrDfEF,1.611804625264800171
MAN.3kLv5XHrKA96FYvaXNTjN83CsLNFF,1.613892455090272186
MAN.3kNQ2bQLdUht2kE115uvo1T6xKL8w,17.051627389222780455
MAN.3mCqCXj45ycqNrjKuuxYZkf4vV3o3,1.606504749553985454
MAN.3mHXLv8qpdeR83Cy14cFKUE7t5vdQ,16.454668661431899577
MAN.3mP4Cj93ddM9w6z4qrCzr1fubzTzC,1.606022942671184882
MAN.3mSAHfH336Wapxgfjwx8Vub56ifLY,1.611322818381998441
MAN.3mdgG3ZsNnE7ckF8QEivQHJQ7sRQV,7.252317802220273124
MAN.3mx4SRfhEG3tmHEH4BCQhtTMh7HNz,9.668418717174803497
MAN.3n2CXioZKJyvFchaVJcHdYq5FXv3o,1.606022942671184882
MAN.3n4gjTgWWhcRGk3BifHqXFxu1vGGf,1.606022942671184882
MAN.3n7oxHDte3jRnMZ6dNtFhZu94d12,1.606986556436786212
MAN.3nGNa2FaZpEE5tLwN7GehLGa7Grkp,1.609074386262259381
MAN.3nH2jm7neXUQQwPmCGd6PHm3AxmJQ,1.609074386262259381
MAN.3nVgjtPiF36a96wcbmznht1xZ1Hav,1.607789567908121387
MAN.3nqcqxxrd5MnTGtVzA5WXkicbyVVQ,1.607628965613855796
MAN.3nuPRg46twUA9cWtEfhupusMBsQPY,1.613892455090272186
MAN.3okap4C29yCMjKkBa94wBaYEaNEL5,1.606183544965450754
MAN.3onnB2G2BgeRq7SLbYN6KXzobPL7m,1.607147158731053261
MAN.3otGtnvvRZGPCQ9Gjg5eMcYphfcQk,1.610038000027861885
MAN.3ovfqsDEXV5SjTbJKQAE2sXvaKBQu,1.611483420676266097
MAN.3p72jiX83FwpBAaqbuyRiBTyzugkw,1.618228717035485042
MAN.3pEZaEqKznee1bRtNBZq8VgMEoK4e,1.609395590850794082
MAN.3pFY9DFmU3MWTFQeQRiCzs9bzKyqm,1.606183544965450753
MAN.3pGZEj7DMVyGbT8kAY3dXhDQzYzAs,1.607789567908121387
MAN.3pMHEosr1XoLuKnzUgVuEHpokQbrw,16.139245755491278767
MAN.3pTAH8pGwmJ94Zm1B1sNMcm4q1kVr,161.81917785078054106
MAN.3pVU7qha6TdWibAor8to6QFKVw9So,166.75063189854668351
MAN.3pYW65gnfMBAdWBTbd9ih7xfiXhYH,1.606022942671184882
MAN.3pfHsDzUmW6E5kqQmjwnvUdgGzLAZ,1.606183544965450753
MAN.3poki6mdqSjt61SjrPazitnEBTXxT,1.613410648207472237
MAN.3q8RkbceUtM1zvRQpGCuv4zdhSAm1,1.607628965613855796
MAN.3qB2wzWhoRgBypgyqJTESnUxFxwCQ,1.615498478032943443
MAN.3qMcbHXEbdM7U8b1vrdRrTGNkN2C4,1.609395590850794082
MAN.3qZTJCo3u4dvwVNWxv6xcRwvRpwVK,1.613571250501739266
MAN.3qqdysrTRWYb3bZ11B2bxC9wnxi5z,1.607789567908121387
MAN.3rFqPB1RWKmCGKwbLnngKTRpGvZW4,1.607950170202389039
MAN.3rFtzS4UeW9iSBEKEvaeQD5W61fX3,1.607628965613855796
MAN.3rJRGhQAbXhgVx9U11YihZLLvSftK,1.607307761025320286
MAN.3rhXzaQzSixjpcEzy6XydBEuXJDfo,1.606183544965450753
MAN.3sMib5xPgEzemgbFGHqHSGfTFBaqV,1.611162216087731396
MAN.3sYoJf1vjmnYpPymcivse6n337agw,1.60602294267118488
MAN.3snLLUnQtPAn9xHZdvvim8MNaKs7N,1.606022942671184881
MAN.3stbFJ7D8odF8PGH85LNnFyr8MJas,1.935900055095844898
MAN.3swDsNVHs81vB6ZSMV1nVFCTmW8jb,0.513198294393071797
MAN.3sz4QgxWeEbcveP7XcEAWk4nkdGo4,1.609395590850794082
MAN.3t3HWzXfoFq92cNzxA8ANGvkq9RTK,1.606504749553985454
MAN.3t3Wck6NNspXU9kP3ZU9EGxgVwQ8,1.801315332500000546
MAN.3taSoPZTyBuk9X5L1JNzqHmnxfpr9,1.606183544965450753
MAN.3u3dpFUwa5hj2AMn5368wZQzKGUEU,1.944090772103469493
MAN.3u7zmwTH2pxbE1BUww1ndzSEehx23,1.60987739773359486
MAN.3uLsHrd33HYjwAg1Vj3BtXbZvKEmL,1.647618936886367163
MAN.3uR3DX7C1Dsdi8oh7tpyfeN1keLqS,1.614374261973074745
MAN.3uhi4axdWXLg54dxvLGp6rxmW4KU7,1.614695466561607665
MAN.3ujvCb9vVqFsaKn1gT4R8ZT7GYDHy,1.609395590850794082
MAN.3v2MavWA3ugr5KSMnBz9nxRwivyjW,1.677972770502853543
MAN.3v5L2JUYMGbmG4Xj3ymT5JWm13ZYM,1.611162216087731396
MAN.3v7qqsXCU3YTnsk9cKMhLsUEvje9z,1.606022942671184882
MAN.3vKcmRboPF76B5oKErQiiDiTD65bX,1.609074386262259381
MAN.3vinL44yT2sn7nTLDxpWnhphi7nPi,1.606022942671184882
MAN.3vkrAiSjKs1XdW13cqFxEqNKjLyBz,1.606183544965450753
MAN.3vmsSfawpy5WxGa81Yk4sXLYWcMM7,1.776261374594330133
MAN.3vphKVayH83rzQp7wtfayVg6fquHg,1.606183544965450753
MAN.3vqySmL6CAyGgKMoDmM8Syf3FzeFd,1.63798279923033959
MAN.3wJzxozCVFoznpDpPb1kR25uED6sC,1.609395590850794082
MAN.3wVwAafeQs33XCA4KvWQMzhXiJhvh,1.613571250501739266
MAN.3woCaUxSMCfa84rQVHgQ6diZ9uLpz,1.613089443618936727
MAN.3wrdQC31BugWPyV1axiYHcoyqAdUb,1.606344147259717802
MAN.3x1vcmfqqGzXLq6XUN9MJ2uuZGFmx,2.003353018688035459
MAN.3xgLfEM4QJeqhVW6kQ74NcRM3PpdL,1.606183544965450753
MAN.3xzboEJ5WcZ1SKUNHJgzgkbTYhZ6H,1.611162216087731396
MAN.3y7pZEjE7QezcELVRmTq7GHLo7JK2,1.609395590850794082
MAN.3ySCLoih49dnTS3jquacJdDYa27ag,1.639107015290210255
MAN.3ydNpjF384YfAR2fNVzwFGvAWGJMD,1.611322818381998441
MAN.3ygAdEiWqv9U8pdQxw6T5C8DGqYqF,1.608592579379458623
MAN.3zBWHDJLz9SZjbtkoHac9DcN6uK3N,1.616943898681348486
MAN.3zTz9fK2mi6H5jVJLLYsrGtb2iMvK,1.611322818381998441
MAN.3zW8zkeDrixXhSBWUibjN6JjgnDiY,1.613892455090272186
MAN.3zYYRwTi1aoL6RoD62xpLhNmRxqo,1.606183544965450753
MAN.3za242k8zgwREmof4Sj8XF8oeiTok,1.613410648207472237
MAN.3zoVBzvZ4jmDcKjTN9SVTLJnzBB38,2.527077100293109051
MAN.3zsURK54yv2MDWRkY4t1MWfVorWhp,1.606504749553985454
MAN.412vk6sBZGtNyMiq4iSer2otuN8wD,1.611483420676266097
MAN.41Ew2R6Xh5XtXSgEQ1pNvC5PXCKZp,1.606183544965450753
MAN.41Liu1RjZAKvUQDmPXi9CEBK3WAAg,1.625937627160306475
MAN.41LygJwyKvidTLUCuxLz8qWwT3Uue,1.607789567908121387
MAN.41TZQ9mrcU1jPHsaxdPKhtJojEfJZ,1.612447034441868924
MAN.41gHv18pRuRsoUoBrRkT5Xsp6PBA9,1.610359204616395128
MAN.41iZVQ3BJQr3rSZA6GYxfpdCRLk2q,1.613731852796005157
MAN.41y5cnuC1bzq36KBXC6vNJWe3nBZW,1.606022942671184882
MAN.423fmmzJg4DLBr92jGtMG95DpKycp,1.610680409204930638
MAN.429WM1A1AuRaPgQf4S7uKuDrso5fC,1.606183544965450753
MAN.42Vk3NX3eYpF5aqDwXw6HZBxwQq4B,4.995694965472989035
MAN.42k14hzNCrEnyH3DbqWuQ77TbYm5X,1.606183544965450753
MAN.42mgdLa3VSrHDTLTL8FpdJ6fE9eVp,1.60987739773359486
MAN.42nYh97GMstZWjbNnnjAVpsrsGH5a,1.606183544965450753
MAN.43BUWwWGPKTcrxWbtuaKFbJ5bR1zN,1.606183544965450753
MAN.43FqqcQxPf5oB8F1dAnqCS7B4wtTn,4.848743866218575204
MAN.43TKyDsHUTYaELaeofFpd21YscgWJ,1.606022942671184882
MAN.442Jq3GgomjQFQqDZw66koA6pqmus,1.606183544965450753
MAN.447uk3fWQcccziXM523TH8RGDdvJA,210.679695642548827192
MAN.44Pgx4qs4mHYwwHtbsb4tf58JwYeR,1.609074386262259381
MAN.44WErXDFV9iNmBphM4okSKty38Xxw,16.06022942671185597
MAN.44aie7kMS37pLq1N1jTtqdS4iSiDr,6.454766808889760413
MAN.44bDFFPcMG6V47jRnSnpWN8KJ5hjP,1.606022942671184882
MAN.455xL3uwqycZxCRdM8dq7QiA1kyYb,1.607468363319588771
MAN.4568cySv4LzRM1nNpXQgGase3gvz3,1.609074386262259381
MAN.458Pj6uXEuckVAhdKibNsNquZJVdD,1.823639051403129664
MAN.45RZ9VaueVukbtG7N6QGgqoa1eUAB,1.606183544965450753
MAN.45ZXApdWSB9jkEEh8fuheR5jC5ndS,1.609395590850794082
MAN.45dYH557osJrR5SQSr3gs2PpmYAa3,2.437461020092057009
MAN.45yDoMAeq8jbeQfQnM3dbUvbWx1Y9,1.611804625264800171
MAN.467VUnWJwoNpnBXnD2xE3mw92CkWr,1.632843525813793885
MAN.46EgedW9NkJ1dr6Fp3bMqrAePkYwM,3.48506978559647116
MAN.46KLDVcvbB5ECYbpTgqiEorbCeib4,2.002550007216700002
MAN.46LnQzu2JJTcbTiiGbSovXptSz19A,1.606183544965450753
MAN.46r9YddfWoz9qjybiSm9mxCHzJ4a8,4.821923283075966201
MAN.47RymeNyBrtVkQuAPwQ9SF5F4stQu,20.31024793990261555
MAN.47XcTcEhax3vHu8yrvjStkRypz3UE,1.606183544965450753
MAN.47jhRSKRZmK2WxNJNHshhdVjsjKNb,1.609074386262259381
MAN.47qSTjZURGWLkh4V8tjFBTiuJKGck,1.607628965613855796
MAN.48VfSKo2iAvYNhsegpcQaf1deBaSL,1.606183544965450753
MAN.48zrZo9sidWEYTpHhtXLxLH9FhNs6,1.607468363319588771
MAN.492cEjFaSRigrwzvhubaPHj4sweNd,1.611001613793465339
MAN.49NovjNS86vZbNjJ53QUHLaLw2MNj,1.615337875738675771
MAN.49cQL96WTb2PR9yfqX9vpZ7aj47tZ,1.609074386262259381
MAN.49kH8gVZaEtYkFegvF1PpjhNTi1Em,1.611483420676266097
MAN.49zyCuLAtr3xrwC6q6GACDhEZ1Lt1,1.606183544965450753
MAN.4A1FT5TTXbDU1NNjCh5jeJ86YSuBi,1.607789567908121387
MAN.4AB56pHGpzBeood8Jvf3rS5MYKmMN,1.607628965613855796
MAN.4AHZ1U6nwfuTppsGV9cvLns1MMNqo,2.087829825472538863
MAN.4AVeLqSYjvRZCcdAAv3Twe7WVW4bL,1.642479663469819475
MAN.4Ae3AcgvnSBqk8FbZqBp8ZYci2D16,1.668818439729627902
MAN.4Ag4Dtt1LT3q6EpNv4qKpjZ6x1XKj,1.614695466561607665
MAN.4AgLSJd7yEc4ijfqfFfYDAf6B3EQw,2.101802225073779898
MAN.4AxcA85gK2zMvB3Jn8sD5UHYsPFzh,1.613089443618936727
MAN.4B9SF1MWYYGAv21GbaiQ5ChrdaNXe,1.611322818381998441
MAN.4BBddUn663uSd2BDgZyyyVtsaS7Wo,161.755900546839295987
MAN.4BCF8P2o6t5ho96aJUwXmiACnbDxP,1.607789567908121387
MAN.4BJmf5y2cpesP8ZLNrvcRU3r31qdm,1.606183544965450753
MAN.4BLsvF3XDrnctC5SMC7WVumuFWDL,1.609234988556527053
MAN.4BdZzvyMTssywEcrjD6WQwSnUBkyx,1.610680409204930638
MAN.4BomLN16HCdzbG8BvKwtgSDxmRZSN,1.613250045913204383
MAN.4BqbkLnv7mxYqANkYoJcjLFHs75NM,1.606504749553985454
MAN.4C8HPeZvXMhkab594dYxZPvS2RUtY,1.613250045913204383
MAN.4C9GVncUrXXYYbTT75HcjsMRipE53,1.609716795439327811
MAN.4CB7UTM5CXUrBttTio5r29uCLAFDw,1.608271374790923922
MAN.4CDVayQspWuYrbq3iffu6eHdvXeBG,1.606183544965450753
MAN.4CHXt87KbUMd416fM6RD6YpPrQWiD,1.611162216087731396
MAN.4CaYqSJkcfgaepDVmKJYU2ryxECup,1.606183544965450753
MAN.4CjhK8v96Avmep7JUYAcGA6WSTAGr,1.609074386262259381
MAN.4CmizevW5wJkrXekwx3XfknQPT3Hg,1.823317846814595935
MAN.4CwVog7F3CxZEctSesaq1vcdytSfC,16.138924550902744065
MAN.4D4R6336nP9KpfzrKCDXWLtBmyVAK,1.611162216087731396
MAN.4Dc5CsicDwrzMzQzEeASZzve8g8Tc,1.617425705564149567
MAN.4DdAGdkXWnRdNCszDKxpGk1o3ivjf,1.607628965613855796
MAN.4DgoD6okCmxuiuNVTXHsK2iXQpMVE,1.611322818381998441
MAN.4DyEKW7puEAxzYDY2pEuUoxwEwqyT,1.606183544965450753
MAN.4E7EMQSY7KuFH46c1AFNNFmp747G5,1.611162216087731396
MAN.4Ed7RVHMQATaDNkxXBemr1nkXUzzX,1.606504749553985454
MAN.4EfAXnucaX58dPu37L6qff7WuwfiV,1.611644022970533142
MAN.4Eonk3ZPH29L3XRsVb6mVWd1wj5hH,3.221842625292663839
MAN.4ExwTb2eJeXZhCsxc9mRZieFKpbSz,1.611322818381998441
MAN.4FB6HcCuK2Qf9cSodrq8idSFNqfWH,1.606183544965450753
MAN.4FDGK8ss5hM7yVBCRpDfhPGqkZVd8,1.612607636736136782
MAN.4FLTSn7W1YbMfWy4fhAK6oKUBXYMc,1.610198602322129884
MAN.4FWHsNaXYZuv4uxWsjr2Wk5nLMHXm,80.632469666632355407
MAN.4FeqRZRBpmPKUt783AFY9ExLUtHfG,1.611322818381998441
MAN.4FuCvdhvTgwTcrKjcXQaAi2QVhc4M,1.606022942671184882
MAN.4Fw5pNUfgdvvA8YVfeWAAa8qDZn1r,1.611322818381998441
MAN.4G1NCKtxjUBDu7X2WCLiU5cgDG5fs,1.612447034441868924
MAN.4G4ZWbYMkCbb47srfDP6RxBqYdz3n,1.606183544965450753
MAN.4H2jbfboz7cFat2kd1zGrLSxmbESd,1.611483420676266097
MAN.4HH8AGEhvrSzqawpiGMorPW8Pce43,1.609234988556527053
MAN.4HV3k8BJmUxgfkKE1K9F5yBue5Uvm,16.128164197186846981
MAN.4HnSDeiKqHcJS15Bo6P7x2Ab6Fqsj,1.607789567908121387
MAN.4Hqe4ho3Y2RAUzvpumT5H5N2VcuQE,1.613731852796005157
MAN.4HunwAnrU4yzjBSTjgtqkuMjNUVA3,1.606504749553985454
MAN.4HvL2WLMXMpbDeJBgfGMivbUgLKKP,1.606183544965450753
MAN.4HxH9MSuwQ1851Kky3HFF6Zvdrzs4,1.607628965613855796
MAN.4J3y1HRU9sL5f2YN9F1nobTKLtWhT,1.611483420676266097
MAN.4J9yzB8yyy2YshW36TGfr6AkGNMDB,1.610038000027861885
MAN.4JKiueauTb6CxLAhjoTkihcTvsUU8,1.613892455090272186
MAN.4JLAEPsXNu5mKLrm7KkPVVd8PvV9S,1.613731852796005157
MAN.4JVQn1GPUuCJCTZXbEFDGGsuwKhZ,1.613250045913204383
MAN.4JZZ6DEnb5aidiBirYQBf3axaRDWg,1.615337875738675771
MAN.4JffB3uepzm9FVZ6ewSzqxhh8gFg6,18.070648946347646187
MAN.4JoXh8f4G9qYctQEeaX9xdEvQFDaM,1.606022942671184882
MAN.4JpRVBnFACEijs8hRMDK3oKZH1XpY,1.609074386262259381
MAN.4JuA6ZGKytHtWxWAhbypGWGqvRfEk,1.606825954142520337
MAN.4KbGQNbJtREqZxwT9RukpbfUFPyrx,5.974726551325343419
MAN.4KcKXHCUrRakdf3PrsrAbf9dM6efE,1.613571250501739266
MAN.4KpL9zDKwS5kjwkp8c6cEJR9PhxQu,1.607628965613855796
MAN.4Kq1ciivykmrCFzz5YjLgamcNdU76,1622.296130740095901296
MAN.4Kv56riWv6MJRCadqkKHvMEJu5DhT,1.606183544965450753
MAN.4L7iEqvWKWKPNEaNw4PVUzfJ3wH97,1.614374261973074745
MAN.4LCJHsxuBdL1nUG36QsHrzmc66HmD,1.614053057384539858
MAN.4LDvceiLz8z5xzHmTW452scw9zop1,1.606183544965450753
MAN.4LSKDFaumxMVKCWjacbGqr5WSDj1W,1.606183544965450753
MAN.4LTNEcaWUZ2EXaeDhXaYfkext3ths,1.611322818381998441
MAN.4LTuEKg6WVW97eZSzotNSPVPQm382,1.606183544965450753
MAN.4LU88ZPxvK6fjzD4b7vpUzWY4Rwzb,1.609395590850794082
MAN.4Lfa6NHvGPpm83gQUTbkXF9iM6myU,1.606183544965450753
MAN.4M4Uou8CiHJBj9GiNAqwaAPJeacRS,1.606022942671184882
MAN.4MMucT955d9wgpnE6M7YmiKLd3nNd,1.614053057384539858
MAN.4MNZF5dPsYRJnzrzXSCatjYeFMbPJ,1.612286432147601576
MAN.4MR6Mad94MgJJZbEvj4skzcvvkLd1,1.606183544965450753
MAN.4MUKBCRBB6h269eMNHEEk1e2zDVzK,1.609074386262259381
MAN.4MbQrBVEgm4XjWpibjv2sw6wnwYAU,1.606183544965450753
MAN.4MeMxyYyB5Fc1iSLxD3zm2XhmJx9H,12.199992681707394845
MAN.4MmbXpzF8mkjWUgrusrHiYaF8Zg7g,1.606022942671184882
MAN.4Mq5p3AEULKaXdETZqKNKxYjZgcry,1.606183544965450753
MAN.4MsKQ8DGxti4K4Snc1gMTy6dU4X9w,1.613410648207472237
MAN.4N34jbmc1m2BdYsdfig7fvxrkh9Pn,62.027336284963735828
MAN.4N41fQiaLEwTEXQ5jZ5QrLCsgp8bi,1.609395590850794082
MAN.4N81Kz2mTCX3zfmzZsU4gAZ2Aw2nW,1.612447034441868924
MAN.4NMVcyLDmTQWGJ8YRVv63ojAiPDCc,1.621601365215095051
MAN.4Naa8e9sBVapddJM7GMYcyPdvSfp8,1.805972799033746322
MAN.4NuQ6aPGTYjeUH3fjJa6ec2ofJEea,1.606022942671184882
MAN.4PCyzYomud1t3MdhVciPFp7Jb8b4E,1.607789567908121387
MAN.4PPDzmycsdDfv8ZTrWGc5Pv3SQhE,1.677812168208586498
MAN.4PTXoihe6NGfrW5qUqMJwovrtEWxK,1.606022942671184882
MAN.4Pn182LSJ3JNr9by4T5kDKsf127Jb,1623.200321656819779833
MAN.4QFhKhrywnaPBcP1RGqN3CmBqFUhi,1.613892455090272186
MAN.4QXksM9BAQ4uckHVYzzdwu17UF1j9,1.606022942671184882
MAN.4QmhDDzBgokjyS6Vgac69xhFKyhwM,1.606022942671184882
MAN.4QoptZCbSQMVaUhW3dCfhF5JLWDfV,1.609395590850794082
MAN.4RCe1xcicQavqY9EoAAGTK89h1JZH,1.607789567908121387
MAN.4RFvR1q5rkhDKFTP7iMgyZ5Lzdio2,1.606665351848253312
MAN.4RHRZcNmLadXoach3vATF7ZPuKhfa,1.606183544965450752
MAN.4RNFpBGV8twXh3m6C9qfYd3Q7V9FD,5.110365003579710662
MAN.4RrczvbX7VMCQhx8CSMFqC1KYqxaQ,1.606183544965450753
MAN.4S7o3Y1vJjqCC8QepxNStyVo5TNJG,1.617104500975614543
MAN.4S9nWqtspC3UWfMj7y7VUaLoatUg7,1.613892455090272186
MAN.4SKBtXpzUKFWXd58M91J4xiFLtTD9,1.607789567908121387
MAN.4SfFfKNchK5ErTwPqj8L1JMFw3Ejm,1.609074386262259381
MAN.4SgcA7YnrxYzSZBZ55or2gcWvUu8d,1.610038000027861885
MAN.4SkNGnRJLPXE5YZbE1hoPJJeak47i,2.330499892110155657
MAN.4Sv5fwokjG7FRiRqye4XKGo44UNVS,2.45095161281049549
MAN.4T2RWE9Yni5vsMJJArwj2T7xiAnd8,1.606022942671184882
MAN.4TAcuVWSDSvsTx7ozyByDQdRs7uht,1.621922569803629452
MAN.4TEEKF6joAmQvCQdCTmZ8Wo5jw5BZ,1.607789567908121387
MAN.4TMSBSM6KRdxT4hsQ2zz41LjPjNY,1.608592579379458623
MAN.4TTXsPSmyUGQu9kqzTRnhAk2hrM3E,1.613250045913204383
MAN.4TerxTBwhT9g1RwJeGVr2iLUpmnPC,1.610680409204930638
MAN.4Tpy7eAe49jpeXzeEVb7iXjqxmYuq,2.174715666671051391
MAN.4Tx3x5FpT6vApfKaRgWHVkwpoiNcu,1.613410648207472237
MAN.4Tz8E2vwXUYb2DGSCzWJsp5HJ79Cy,1.606665351848253312
MAN.4Ub4HHi4g239Nk2VdN5ZwDu4HYVaz,1.610680409204930638
MAN.4UrvJuk1ZwLfM1UpiRQHFnSoz2NRB,1.606825954142520336
MAN.4UvPdT2WaKNeAQAwDYKrQN1BJv9op,1.614213659678807696
MAN.4UxycuYJs5Ye2UByevewLL8QwpHro,1.606022942671184882
MAN.4V35uod4nPD4WSKuQcLTqbwV5eQ63,1.612768239030404434
MAN.4V5XDhzhW249mb5QCnV6wNarTeBb9,0
MAN.4VGvJF1zR5WDyTP1YoPBuggwTo86T,1.606183544965450753
MAN.4VbDv73pWgTR8t9yRuPutXDcD2SMM,16.114352399879876207
MAN.4VjBpDMNSxL62tj67beYn8KCuSNCP,1.611322818381998441
MAN.4VjVE1EUWMjum8nYj6UTa3TdpXehY,1.608110772496656088
MAN.4VnqKEogLT3nMgAVa3vGd8wzohqLD,1.614053057384539858
MAN.4VqosAKvEraN7FxDHq14LaxnUzC3G,1.615498478032943443
MAN.4Vxs3CW7S9kUNeaTkCxy76PB4e4j6,1.612928841324669682
MAN.4W3EDtcUCKykQjPK1DMSxfSPxgCZg,1.606022942671184882
MAN.4W99YqHx5wuSGEUc4chzKZjos3FWG,1.611483420676266097
MAN.4WdWKpUnbzcEt8PxoiQm8o1vq7VJW,1.615016671150143478
MAN.4X7smxWa5V1Qu1foCMjBAsQDEceiC,1.614374261973074745
MAN.4X9VeF7nDJ3pEKe8Ak3uVoNBNEfut,1.609395590850794082
MAN.4XDh6uAZmTv5ojPcRR4R2LT2the2F,2.246344289914184728
MAN.4XExwvBK7BF5AUdqPDiBZmZr2BGg2,1.612928841324669682
MAN.4XSRqFS6ztC9Y6C9KYJx7cetdin6m,1.607789567908121387
MAN.4XhadDyNnctXNGr8S25mFrwDy7bHT,1.607789567908121387
MAN.4Y6bqPkird758yxbtn36bNU6Hgxq4,1.629310275339916807
MAN.4YCq8s8gDXzu2q21gpGon71w2CbCg,1.611001613793465339
MAN.4YK73yXwfDPuhoYGPEj1KTizHg6uK,1.609234988556527053
MAN.4YRityQqXD3HuWZHeoT1ShSMwE3to,1.607789567908121387
MAN.4YdamPJSWBb6ctwJFSNcxSXaLPLEQ,27.754164279183561409
MAN.4Z5oGAKuAxsHSanLhw2snyNEk6stv,1.611322818381998441
MAN.4ZLuDK3PzGTR9NTTWjQ45wG7awjY3,16.137318527960073431
MAN.4ZbsXpDPAyjXynQqXCLNw6jrMe2k,1.606183544965450752
MAN.4ZoGSTa8JkuiM7DhRuano2gyMUr7,1.606022942671184882
MAN.4Zotbh1corEMgquBxt3qBwLDYNN3w,2.345275303182731545
MAN.4bJzXVRNyo8XdoRkPFBruCUnZdfo,17.412821949029528734
MAN.4d4C8szH3KfRAHzGer5kPokKPkkw,1.611162216087731396
MAN.4vurv1P8BgTyuk1njrKyHoCUuppM,1.606183544965450753
MAN.57efZTZCgiSHPbnSmxSHHCjFoEeV,1.611804625264800171
MAN.5J3TTjw19W9yHKMjVktwDeNeSnrP,1.606504749553985454
MAN.5JyRTvPacmSRQ2rex6jSNCUWg4Rj,1.613892455090272186
MAN.5SmcwWyRARo5B9ZMqHrocTUcvtSv,1.609074386262259381
MAN.5TLpiAV7dcv6A6Em5HoAVapucV6o,1.606022942671184882
MAN.5WdqXrJgFC43VP51C1B58zE1ejrA,1.611322818381998441
MAN.5tWMRNwgnKBkLpxcQL4HYYxRUmVy,1.611483420676266097
MAN.5wQbm9knjAypBhJhQWHDnZGVAMhK,1.606022942671184882
MAN.625FmhRLxirJPGM4MR3PnHwSWD1W,1.606504749553985454
MAN.6Vns3uHrjt8MJ5sHyqE2ZuSxmcNh,1.622083172097895343
MAN.6dN4JiaM2PFC2G219s2qDhBWFrQL,1.607789567908121387
MAN.6nPFQSGXjJ4DtE7WE5gG1kX8ZZma,1.65307941489144953
MAN.6t8UbLq5XyESawNioB5EWXmYkyeN,1.606183544965450753
MAN.6yACGoNtgiPfFUR3FriX5asg2Lfq,1.611804625264800171
MAN.6zVypviKZEQqfowMwEwBtsPvsv8x,1.606183544965450753
MAN.74EVpL3icTkZUMNLNxkBu5pC8FUM,1.606183544965450753
MAN.7Hrds48CvyQGZ2QrEssrMEDW6KqF,2.274128486822396558
MAN.7VKFpECwctnb8MmwH7GtVLKwLhQM,1.609074386262259381
MAN.7bZrvhPQjnXm98d38bypziXr9XYg,1.609395590850794082
MAN.7oY43tT9ZqAK7YUhxp8AYboySz42,46.366685366388468063
MAN.7pekwi42CdnGTen3nUqo99xW28SH,1.606183544965450753
MAN.7sk8PAbPPYw8zbABrgeeZoEBKvB2,1.611804625264800171
MAN.825nC7pLv3qeGM3CnyoGqfjRLRGF,1.606183544965450753
MAN.845uGQypn5wz7K49VdEikYckecYa,1.609074386262259381
MAN.8T2RDTZ7gBDPTyig8a8Y7kXgnw8K,1.613250045913204383
MAN.8X7FTc9NMwxZ2hxph3YNd5asQMWV,1.609074386262259381
MAN.8YoxUb7fHBSvnYVshapMF82GW8iw,1.630113286811252286
MAN.8as1yNTF1ie6XyKdV1wtunLwyrK7,1.609234988556527053
MAN.8atdXU4tUd14eqxYQA4BhwjvkqJD,2.032743238538917899
MAN.8beYDEinJRaM7e2z97L5hUqvrHUV,1.772246317237651022
MAN.8mWTJ1Da73mfKpzw3o4uUpVHj6fz,1.609395590850794082
MAN.9UrWtbRXcvPRUc36qRDi4tHDDSZE,1.607789567908121387
MAN.9VfmAUJcun1HqviUacT9yBSmHcnR,1.606022942671184882
MAN.9bWHn4oLtfupjM3ppKW4qTsiMe2V,1.606183544965450753
MAN.9px6KfKCRv5EXLijh5YhNqKW6Jks,1.609395590850794082
MAN.9unWkpKrxbA8vaofBc46QAurKxdN,1.606183544965450753
MAN.9zhfwKkqppJ7fsaNMwtrMLcHCvi1,161.770194151029069639
MAN.A1WKACMA7dWJTyHc6Pc29bnu2XUF,1.610198602322129884
MAN.A9zXiMaqGmCPaw7fmoSHqZy557nW,1.606183544965450753
MAN.ABQFxuh8duVRHmc44EJedUAiVYAb,1.606504749553985454
MAN.AJ7GKbjtGnGiEjU5mTGAHVi8davw,1.606022942671184882
MAN.AgkKUDQyLcURgXUgBsYRc3iMycKa,1.609074386262259381
MAN.Akv8RfbCmBFbR6avHJPczF6VUBPe,1.609074386262259381
MAN.AwA1MLoixVgL3c6j1ZJ9yvYKQJi1,1.612607636736136782
MAN.B1PwXEaZrTvHPZ8sdc2c5LmqNNW9,1.611162216087731396
MAN.BDKJ92k34mUfGgE2iudjY2cDDDnQ,1.613571250501739266
MAN.BKZsDTg64ZBj7fTvBYMtQHgiAQZj,1.609074386262259381
MAN.BYsSpHhEpUYEHcAASYzVzqScWFgW,1.614856068855875822
MAN.BdsFCRz6HoSpfYL6Q9dndE8aKzKM,1.607468363319588771
MAN.BhHwZsyfnGrYUKWQrpZ5YqCGCkhY,1.606504749553985454
MAN.BnQD1GggrFYYojGJHLCvEd4jkrCi,1.613892455090272186
MAN.BrKvtLyuJYZxMnB4tAGUDXiGK171,1.612768239030404434
MAN.BxQNhv57Lq3dFWQfAqba4RKBZvWX,1.609395590850794082
MAN.C3X3sQPLcEAZ78TMdpMnAquNA4dC,1.611162216087731396
MAN.CJwE5cXduJtXSNHz3PtdCS3niLMP,1.606183544965450753
MAN.CUVXBNBpqXipn5JtDsnWKz3e59to,1.611162216087731396
MAN.CVKQNGm9S4woomX1e7vh7pMLWEjD,16.135873107311669851
MAN.CVLJmJYPj4BURwyhtDUCa9ZUunCw,1.613250045913204383
MAN.Cg4q7HDQK7hAAyPbV8ktjdetiadr,1.613892455090272186
MAN.Cu49sRKme1s93oRk7co6jCrYyKQb,1.606183544965450753
MAN.DMa5kYygS56842vzktUweEYgubSA,1.607789567908121387
MAN.DeUJfxDNhJ4EKndKMcD3kQYi27UH,1.607147158731053261
MAN.DnzvRG7XJJbR1wxmZNvN7WZ7eFG8,1.609074386262259381
MAN.ECXFsZCgiVbQeL1AWBTR91jgNDDL,1.606183544965450753
MAN.EP8mxB5zWs5AUuUgbyw9MM7Di6yG,1.606022942671184881
MAN.EPNGahsiFM4fw9hB3MA1AbquDRrh,1.607628965613855796
MAN.EZZh88N8pHN5jSTqVda92m1a4Y2u,1.615659080327211281
MAN.EceQPTZkERyDzC249uk6UttJnHkW,1.650509778183176737
MAN.EkRaCZGpYKMCcR3i4gtK6381yxYe,1.606183544965450753
MAN.Ex996tqZhSbRZnksGGAN3c3GmKbz,1.613892455090272186
MAN.ExL6MBRDsv4mJumDyWrgNfmhdXiW,1.607147158731053261
MAN.F6uwryHdW477JcRYfCtsVfifMHqJ,1.625937627160306475
MAN.F7EKbkQ2DEsJacRtgvYc5KVUJrSW,1.606022942671184882
MAN.F9RpbHLGA5iKchRQ5NRJJmHh6WvW,1.606183544965450753
MAN.F9d9aeQAX7VmEDhpK3oj7DFah5Mo,1.611804625264800171
MAN.FC1qooaNwMkmmWBVUGQZMpXv3BgN,1.610038000027861885
MAN.FDGoKPEKkA7i9GxrBnH6JgLX2tW6,1.613892455090272186
MAN.FZNyS4mEGYHoaaxWb9R3BoDsTS3y,1.606022942671184882
MAN.Fe9UHzTVQmiGpasm52YyYGzVCi7T,1.606183544965450753
MAN.Fk9FAQA4euhvmtbMyeWtT6pmRqt3,1.629310275339916807
MAN.G2fQogSavCWYpom182ZTtFuG4UgU,1.638143401524607444
MAN.GZbuGKxjKLuTswpYjAptTdNqWiqC,1.607628965613855796
MAN.Gdci4VEoCJGUQdzRJtTJQZtsk52B,1.613571250501739266
MAN.Gx97Voj6DubAyqYrVHKrSyivrfsC,1.606022942671184882
MAN.HAYQc5oYVfFb3U2cSRpLnaFAi7NZ,1.607307761025320286
MAN.HUa2VQd28GiRtvsw5bGHFnjy1QmB,1.611322818381998441
MAN.HZgmCxn8C5G41j1SbnwVSNyB5eA1,100.342386230564485072
MAN.HpuAipDxLjkESDQMGr2LNZCuTtfX,1.609395590850794082
MAN.Hu6agJFecEhScZaQLdHhKU9sSPXh,1.613731852796005157
MAN.HziSPuCsuKZ3eNn7DXboPV4H7gBQ,1.606183544965450753
MAN.JUSvSgCsndxLmqhHe95LpHmD1THR,2.738911526431437392
MAN.JfVVFyiUqbvqPZA7unftJkacQuUF,16.777158068320274325
MAN.JhsEsDiAbxyBbAZnwX3PMBhWqHb9,1.748155973097583618
MAN.K4Hja8mLaiGeKUk3K5UMusn13deK,1.607628965613855796
MAN.K4WdkkBCMnzQc5bHJfmN95yYouA5,1.613571250501739266
MAN.K5q4JwyVNt5LFiU55CNai4SEyPM7,1.606504749553985454
MAN.K83ypPavkS7G9exbvkQrQQapuohN,1.606183544965450753
MAN.KEXmvae2abZCjwhwYJBBnthXacf4,1.611162216087731396
MAN.KMxUaWHxwNnSjWn5QPiLiiJbBi97,1.608110772496656088
MAN.KP79zHPdPKf6JzCxXz6JYwaARDBu,1.606183544965450753
MAN.KUnfcyNG4dRuZdoBR44jtct1uxPk,1.609074386262259381
MAN.KfMMcyqtK4D7cJvodrmzGLYQJctc,1.611322818381998441
MAN.KgndWpcz59yXmcufrcz5JT1Ei516,3.227463705592013231
MAN.LAUrWytxzhrfg2u9s4fQMMusE3az,1.609074386262259381
MAN.LAzQYMCRv7a8Y7x2KHdaxue91VpM,1.628346661574314
MAN.LCQ3qY4TiZCfiL35S94Jqtpj4BpD,1.610038000027861885
MAN.LStPbcSWG5FDkYohnswSnbAmjrg1,1.606022942671184882
MAN.LWXqU9geoFLZGwtL2W8h9VzM9fS6,1.606504749553985454
MAN.LYjKAioSoZJYQkzBjiz4JtTzqJsd,0
MAN.LeTkNPkAbWT9FWx8DSp4x9gkXYNj,1.606665351848253312
MAN.LewNYE8C6k5V2wDXLpV1tmtmTNaM,1.606183544965450753
MAN.LrZjH8LCZrqvn8gc1iDiReL1aXNV,2.464602807823199437
MAN.M3jw5XfuHVRqU8kKLqoTymG7QCte,1.611804625264800171
MAN.MCZ61GW2JrQ5njrC9V67SR4t6T61,8.030275315650195103
MAN.MDkXpx24hrmqTWpXVSAC1jVEvf4a,1.615659080327211281
MAN.MFngG2wfWF47hR9FE19G9RcRyvXV,1.606183544965450753
MAN.MYd5wi5wJ5Nv7qwmeNeTqy3UCiYQ,10.477211871104013586
MAN.MYvseZxpA6LM89S8bKhDi1oW65HQ,1.606022942671184882
MAN.MzvMAS3LXj4uppQbUeLWv5M4zJCr,1.614213659678807696
MAN.NUd2m7bxm6LLmvx8gPGJYtEiVK21,1.606504749553985454
MAN.NXB9W7v58RSmEsn3qYEvzEXoJRNX,1.613250045913204383
MAN.NkRp84WdFxMbKKp6wdwZrH7PCBhf,1.611162216087731396
MAN.PC1pGFuEVdqr3G7bpWmPqGP6QDyU,1.606183544965450753
MAN.PJpExBTEvmfpgifCBt2EBbzoTina,1.606183544965450753
MAN.PNwFRkHuamUfmMHzwuYR6isLL9qr,150.10356168858277331
MAN.PexCpFk11fNyS81HrBC2azV5k8sa,0.522286843500482013
MAN.Pg6q8RmeS44dJeCpbrHdQa35DeMh,1.611322818381998441
MAN.Ph6AQvZmBzjPJYfftVkj2sdA763b,1.6217619675093621
MAN.PjXkPtC1XjMc7AwasQs38qWpVHha,1.608110772496656088
MAN.PwvnCcWowDRaVAY1TaVTddTqBahu,1.614053057384539858
MAN.PzXbSnMzCTUG1aqD3snyfYyRmTbg,1.607789567908121387
MAN.Q1J1sQj7cRiV2WpUYeZozTHSi6Mt,1.609074386262259381
MAN.Q5JkwWGwxkqGYiUtTm7SJ3AcvAiv,1.606022942671184882
MAN.QLQssPbSZKhLbh5vVtQWmtDf88CA,1.608431977085191598
MAN.QLybzxCdkTiz1WgJJ3MCAoG3jwHm,1.616783296387081461
MAN.QMq6dVxJtWx95rsigQHrGf1TzVpt,1.606183544965450753
MAN.QQNRPfsag1VqabAD4XZvomFH7L2d,1.606183544965450751
MAN.QSvU46ibyX6zJpccDdG3WtgQA25D,1.611483420676266097
MAN.QtJgd2oXWt8aQ8hvDxU44MZBSHVg,1.606183544965450753
MAN.R529Ukmgat5Chcf67NqiSs1vMEFf,1.606183544965450754
MAN.RJf9bQDsXw34LW7RC23DMkK1ByJy,1.606504749553985454
MAN.RSxWgetdvooNbRZZAnQXb8ZkThwT,1.901852368711215869
MAN.ReD4RVA6kJQ8eSH6sif4QG9H8d8b,1.607468363319588771
MAN.Ru5Ua9jbK8i6UXbSLYyVpyZqLYUf,1.615498478032943443
MAN.S1LLJcLoRDMmhDWVdLBZp3G3EhEF,1.614695466561607665
MAN.SNpAzrAVnbRR4MpTW8uG7yxtwDg1,1.611483420676266097
MAN.SegvnfcL2cnvjepfAMgfu8qZSwdK,1.614053057384539858
MAN.Sf4Lz1YNmAbRMdd8jXBKqQmbhsXC,1.613731852796005157
MAN.SyeyWqiLKrptdxicqpgXdi8ezjyo,1.615016671150143478
MAN.TLe1s1L7mJmHdCLWZ5oWM3w6Be9C,1.611965227559066875
MAN.TfsNn5qkujSaCFhcUiuqyhbwav93,1.606183544965450753
MAN.Tg1Za2uhvvRQnRDhFZxgQWYDuV7b,1.609234988556527053
MAN.TiCHY8og4x4RovAAzSFts8oCntZ4,1.606022942671184882
MAN.ToxjfMdcxCRdG7eRLZveQGozdp6u,1.610198602322129884
MAN.TuJv5TWHj4hQgbLNMa9xrqbfM1f9,1.607628965613855796
MAN.TuwSbQFJ9ttDAoakRmhuJ8tb8cXd,1.738359233147290174
MAN.U4ctCbqUJbfd7Y9UjV4ayjxnoYNT,1.607789567908121387
MAN.UDJ7bjciJZ7Hw2eqxhmzbyoUf6DC,1.611322818381998441
MAN.UZfztcieWV4VQCrcY7WX2KwVGiyw,1.611162216087731396
MAN.UaN44vNLJajk1qNHVR288hpohhbz,1.607628965613855796
MAN.UosZ9kte3imRvTRuSALuGqrRbJnm,6.088914782549264272
MAN.Uqshjt14PJ3VqQRiTTNZBUcrBxdJ,1.609074386262259381
MAN.UusRMTUxoDpYv4R5jwJtTcguQz2j,2.508126029569590246
MAN.V2aC2gAtTTR5tw7Hn7n5vMGuzv3b,1.611483420676266097
MAN.VGF3ChDdfTiNSmQAUrPznq6P9iiZ,1.613410648207472237
MAN.VSPDVRfHU1nmQ13BVkkmGdvKzDYq,1.609716795439327811
MAN.VXwVCaJyErgMDDgCBzCXKySxYMSK,1.611322818381998441
MAN.W4PvL8RZqgnF2sEwqL24PJXWemg4,1.614213659678807696
MAN.W5bpZ2Qfgh3WgxpHKGzCJGdEsFgc,1.613089443618936727
MAN.WJnuUebSg1tHZ6tGLvpwW18M1imr,1.615177273444410523
MAN.WKsn1F7wecNCawp5cgGgK6dDZqyu,1.606183544965450753
MAN.WvYyDZ5ayzb9TtgJCJRMgfX8Vx5j,1.611162216087731396
MAN.X1odJ9HHrmanZAwPMkN1kGYst5J1,161.776136435916952786
MAN.XD3DNeBwj8QenicX53dknD7ggGz6,1.627543650102977712
MAN.XHRuXWA2i9iAHwz9XjTFpsYu9xtP,1.607628965613855796
MAN.Y3fe9QKKdtDQtVE1BUDNrzF87gDV,1.609074386262259381
MAN.Y4o5qrDQDqTMsL9BtDUoZDgzSgPJ,1.609395590850794082
MAN.YVPYNu4SE7hpWikWpkKSB94LPK4R,1.610198602322129884
MAN.YXKYztPxJE28jQNtEhpoYbXf7P1Z,1.606022942671184882
MAN.YhMY3HQtdz7Kbf9Xjw2E93HVkmQM,1.606022942671184882
MAN.YjyKZd7YN1MvUtZzLasvAqs4LQRd,1.606022942671184882
MAN.YkkgFZ7eSaW5rr9VsBHEt7FpG3XP,1.616943898681348486
MAN.YqcWUWfk7k4ydjPz8NtpFMC2DAA8,1.607789567908121387
MAN.YsGFvHP2VLH3YB96VW3Tbage3om3,1.611965227559066875
MAN.Z5VUXVoZ5sP2UsTEkseyPiZ2DWpS,18.148219854478665423
MAN.Z5eesHbtccak6Q8rNp4EFPhbhDLV,1.608271374790923922
MAN.Z5oeqRDJjuifCtQhWsTxZNo4hmF2,1.645370504766628099
MAN.ZL8evJREtMdeeYm4z3VtqUHDW6ay,1.612607636736136782
MAN.ZT2xGLsPGbrgCJjUnKJegRte2S3g,1.607950170202389039
MAN.ZZuGMUsXqirNec6v423wqnoASsN5,1.606183544965450752
MAN.ZmthNTikEa5ou7vZAJwsY53ETKKD,0
MAN.ZrbGDskqoNTXHeh3MCtdyXukVMDJ,1.606183544965450752
MAN.aEqMjyXvN3BpZKB4QvzXWZyzfBAQ,1.614695466561607665
MAN.aNnrgEw16A2yKqZKG15NeJVR8Vgg,2.484356890018055762
MAN.aoNJCwFd7roJb5nCNNvsMW6dyCPv,1.615980284915745982
MAN.arZ9hyRJpK5TNdqMDYQKpq7bZ6uT,1.613410648207472237
MAN.b1k8n44e87oufUbCqdauddLJ2ktx,2.124768353153976339
MAN.b4DCi23CtZWFf5ebmtNd7f2fSzyw,1.609395590850794082
MAN.b6aHMQ2jNVDLsAZ81h6VxN1ee8Ks,1.606022942671184882
MAN.b6eMmzWV86YnDtvQPSU8Lpzi9v62,1.613410648207472237
MAN.bGVD4FiE1Cb2zSvKn3bR46gT6rG2,1.608110772496656088
MAN.bU37nhn23BmhGrbApXJyqu3jFm3Q,1.609395590850794082
MAN.cBiFam6LqGmFEdWUKTdz9sWP9VwE,1.775618965417259938
MAN.cJn8joBwhV18F3Lo9J4RQ3yUUz2g,1.614053057384539858
MAN.cV4hMEMck6kdhAWVJVUvV9WDDQ6A,72.271032420203361324
MAN.cpHiA542LAHP6nq6pkopqrbz4oVD,1.606183544965450753
MAN.cxx3STr7AbcPtjas4oa3phqDBmDb,1.606183544965450753
MAN.d78XBpYS7fAtwUgKLMPoTK9143zp,1.608592579379458623
MAN.dJfVKrrq5YBdATPAsYGaFT9SwP1Q,1.606183544965450753
MAN.dMfrHk44nUr5v37m8ufqCBpMwScs,1.611322818381998441
MAN.dsNHG8bd6UyqPrQwnT5CELnggej5,1.611483420676266097
MAN.dvBB1LLTWhPP3f8HxmXrzNurnmV8,3.32414628674081858
MAN.dvqYmShmUEBYQgC51gNnDpxBaWoN,1.606183544965450753
MAN.eHJbuAdmi8ZZRuBPbPuTn9byeZeE,1.612768239030404434
MAN.ea4Djm6gngfoNFsFZtLvtReFAfa9,1.611483420676266097
MAN.ekk8hatS8Gaxe1NKXRWK4cLQzdKw,1.613731852796005157
MAN.f3G91VrckhZX69BwRiYbVPNgc4cq,1.609395590850794082
MAN.fPWE2SbQmPkzB7RN7eQQ2j1M1PW3,90.85673292426565978
MAN.fToH5GPHsSXsf1UDNM5ZpkGUnX1Y,1.613410648207472237
MAN.fVNo2Yy1EFJixC1x4ozS4zgakwRZ,1.606022942671184882
MAN.fYbeuhYB6q7gWXqcCUr3zKLccgBR,1.613410648207472237
MAN.fYfGHYBenBRnSvxCHPZm1AyidXmT,1.606183544965450753
MAN.fi47eQnt4cp255V8348p8df2vn3E,1.611001613793465339
MAN.freMCzojNt5jDPumowGTMRWp9HgZ,1.610841011499197687
MAN.fxKDD6uoJnPLVrFxYziYTp1Y1Jvz,1.608110772496656088
MAN.fy2bcE9ihB3YYd7hWann3QHvDcaP,1.614053057384539858
MAN.g3hjuTasuDEAhjEMJbSKXZ5WWgVz,1.60955619314505935
MAN.g3w7HVX9Ridh3WkUrrMiC6mGME1U,1.606504749553985454
MAN.gM2wfkfQjh3grFxiA7zpigQrzkY1,1.613250045913204383
MAN.gNL1YPUJWkgZagNvwpiw8TzjL5bF,1.609074386262259381
MAN.gXS8u8JCk8vpSYF3RFp1ugMYnDDN,1.606022942671184882
MAN.ge1mX69dfHJmzDS1mLUZM1KT7pPS,1.612607636736136782
MAN.gr1kJieahNN6er2gMuPYtJFybw38,1.606022942671184882
MAN.h1CPGpZLipYq7pnBDUg499Rz8nQt,1.613089443618936727
MAN.hEeu9JHJWZBYfwHu1kfdE9VrNqwt,1.606022942671184882
MAN.hfPvQeEtkpVpwKJ8JCDnTKeLFAp1,161.46697701945274836
MAN.hk73ifDHuA3WfdXZEeebPgLggeKA,16.103110239281177698
MAN.hrScafjwE4NNPsRkGSUXcQRbDdmc,16.15209393903264851
MAN.i2EWY1KL3ranyhTCX8kkpRAhGgPR,1.613571250501739266
MAN.iZf9puhtMBzD877TP32YC15FNRpQ,1.611322818381998441
MAN.ieysFhE6FXrGQpL7jGHBUGzawRVD,1.615177273444410523
MAN.ifmxjEVGsFKwy5HnCmmZWY9ZajyQ,1.606022942671184882
MAN.ii6Rr3KHq6Nq5KuHaiAYLS7ZRLnv,172.406884100340333377
MAN.ir7M6LVj6MwukT4mJa3SYyBdh4Ca,1.615498478032943443
MAN.irtj4qn29eWYNUwcpC3KbzLzEtMH,1.62144076292082659
MAN.issHWsi6x6EV6si42JNV3fF5poB1,1.611322818381998441
MAN.jQ7FMebu5YF3bTd9infhuwx4Q3KB,1.606183544965450753
MAN.jW1exb7EVWdpsCg8yhkMgspyyzU9,1.613089443618936727
MAN.jWWJpPQk6skLJkfiszR2HgNF3prb,1.609395590850794082
MAN.jXdWA1HyT6qs8Yr9BcWq2Sn3u3KS,1.606344147259717802
MAN.jkDbcbSqDVbYxM1N7edqqfoqPAAP,1.609395590850794082
MAN.jyugB4mMgTBKA1E8pJBFJkFjCEFD,1.606022942671184882
MAN.kLhWnLSwmJ2A3Yct9gY13xdkgp7E,1.606183544965450753
MAN.kgaxBQrwzzwCym1LhZgLCXnuX9iJ,1.611001613793465339
MAN.kncPFLQuvKXdKUUyroxPhBejYPEh,1.606183544965450753
MAN.m2ZxN1NPEVzKbYngjg2ydazu7awd,1.609395590850794082
MAN.mYw7uY6EpQAy6KbW7jhpTC8stfky,1.613089443618936727
MAN.mrJ5X3Yt7dwzUHbURzRXfj9tT6qM,1.606022942671184882
MAN.nBg5v1tDf1mVD8f3sSdCYkGG4AFJ,1.614053057384539858
MAN.nKQQi6gdsejiZTrzvayRBtAoV5cY,1.613571250501739266
MAN.nM5tHWDv7F3oEkMyWbz5HqhXG8dt,1.735950198733283276
MAN.ndKHXpqhxgtoGcR9ihSU3bwJ9zij,1.606183544965450753
MAN.nnrszzmVXwjAf43QsWUurKeVAR7U,1.606344147259717802
MAN.nqn4gUbEp2aoz98TCsGTuhSrxcdQ,1.611322818381998441
MAN.o2wSr5AdemwnPkn31oNUSvk2EowZ,5.108437776048506626
MAN.o3dvEomCxenij3VbmKut53kedeKS,16.093474101625150978
MAN.o5h1JyKpnCge8b6f2S43XJ14HXrW,1.606504749553985454
MAN.oH8cbevpFujk1y8hbteUSJCLsA3W,1.606022942671184882
MAN.okN4iSA596ZPfsvUANub3goirPJu,16.446959751307077822
MAN.osc4D86ggduxhY4nh2L5pvKX9yXq,1.654846040128387493
MAN.pJFZPjqccMe4jYM1E2Dj2vJcY97r,1.699172273346113477
MAN.pQw5UyeF7EEQ2JeFrqZHCS4oMVV9,1.609395590850794082
MAN.pVU6gj3G3c7Ub2DbZvYFjjr2AqGW,1.607789567908121387
MAN.poQMND8eJ15ffPnapCUZvZyKveNw,1.672030485614969773
MAN.pwh1BySLdi5uyvzCYyQAkLeg9yq1,2.031619022479048047
MAN.q3GJG8SKdwTHN6vrVV1fWfnuzydF,1.613571250501739266
MAN.qiX3fmqc7FVfgMMijVd2jmae4Aq7,1.611483420676266097
MAN.qpMgcb4Ki51k7ydq33ykkLiye1jY,1.607468363319588771
MAN.qzBeHysz86f2r51qdLeq2NoWGesB,1.936221259684379598
MAN.r6pRckzpHkBtBJrCfgUB84hfAgmE,16.156430200977861351
MAN.rKE9WCuoq9FmTLPf4B2J3VrdgQ22,3.849155186700028689
MAN.rLMf3WNe721ksmfvUQQQ75NWdbp3,1.609395590850794082
MAN.rWpEQVApM4qN8LarqV42yyViqhj1,1.606022942671184882
MAN.rfF3gN6EhWJuVLqCGWSn8EaBvrqH,1.606183544965450753
MAN.rif2CkX6EHhnt3EisamCSbtWFFju,1.612447034441868924
MAN.rwveKs4hsAvqv8xpuoExFf3jrMRR,1.608431977085191598
MAN.s1HB6yFqdSMnkCXPyYSJdJSSyArc,16.367301013350586899
MAN.s4Uons4quuN5KoEPihcP6Erbzoi1,1.606504749553985454
MAN.s9nGkVtjU7V2vW5adSfRHiuTqVGX,25.423985591661938672
MAN.sAFpup9JjoikSVXYR7wu9LCBUSnw,8.064804808917625858
MAN.sMNHfDAH5hpzJ6PRV4BYRaMg8xac,1.609395590850794082
MAN.stofpezJSgRqFaR7YY9cEinGkAVe,1.606022942671184882
MAN.t5H49CEKiZT9zsgBb6oQMzouJiW5,1.611322818381998441
MAN.t7nvvxdzNY9FBVDFSii1fwCsbpQs,1.606183544965450753
MAN.thA78LeFrdpjgcAXevZFUP8wyS5N,1.606183544965450752
MAN.tqC4ybYHPYgPsZUFz9JaxiQQxg8X,1.609074386262259381
MAN.u63KKDzKmhH5Ni1F35QpvR57Bfo2,1.611322818381998441
MAN.uHZFcRH1RYgoYB2uqVZpgi9RK288,1.6187105239182858
MAN.uRJ2pTQPR665o496zbqYYX938tfb,1.613089443618936727
MAN.uZRQcqzWfKNwa5kn9UmzTPAxbd8M,1.628828468457113945
MAN.udwBt8uD3BrUXdWMfR4kFh8GYhRN,1.606183544965450753
MAN.ujACfJHBCoHzMdUJFxpESpu1SadZ,1.606344147259717802
MAN.ukhvZ4fB7KYrCLxPDM5AGvWta83z,1.606022942671184882
MAN.v5Z85P79ubTG67qNLyTCBFS2Xxmf,1.606183544965450753
MAN.vByWSDKUQQsbgFCrA2eqf1gQW9M6,1.614374261973074745
MAN.vHZrzLAhhicWx8HjXpSNkX8MsR5H,1.606183544965450753
MAN.vWBfzPbk6mXaGdBRJpG1a2xHb26P,1.606183544965450753
MAN.w5GffmcqnhdRAxhotQKWucPukeap,1.606022942671184882
MAN.w8Sag3GF6JbcbiRf9L1uwqUqV4Vp,1.606022942671184882
MAN.wFYHHEPJQugE6pw8GHaSDar3ZVgU,1.689054328807285328
MAN.wHjmWVYoBfXGMg6nCB3EVLQmdhY7,26.000708430375162124
MAN.wZ4QEodrgESPfPWF4Kx3sW8DmEcC,3.212367089930903311
MAN.wjBSK11THEV4LZcKic3ctSpTwhVx,1.606022942671184882
MAN.wk8FAqd5Q8PQF6uYjFnk91ysaKPQ,1.60987739773359486
MAN.xQGmYjEgWaBCmcdT55FVnJ2RbgJv,1.606183544965450753
MAN.xW4693kSep8uQdJ2hVg83exinC7H,25.359584071660823886
MAN.xXGMXt1sphkoMpLF4hnqFB3KzgF8,1.606504749553985454
MAN.xZ3GRMDWLVWAjFT9H1cPAGZSs3ae,1.610680409204930638
MAN.xaG8KDkadVSiHWvaDUzVu5bA5ce7,16.060390029006123804
MAN.yeMwcdUTcSPNNose5fEXQc7mEebF,1.606022942671184882
MAN.yieYDsFaAzsz6sxq2dZkN1EigENZ,1.606183544965450753
MAN.ywL8UytSDszbK3rvWWwFXCfwLWNC,68.484993935150308733
MAN.yx4mZhRtEFyLpPbEf5v2HxGeqt8P,1.606183544965450753
MAN.zA4423zvsy3cJvZbo1BRSME5FE8K,1.610198602322129884
MAN.zhHpiZiM8aiqSVgbLE42jk55Niyr,1.607147158731053261
MAN.zrWipdQVZFtTQ2Yyr6oj1eGHaFKL,1.606183544965450753
